"lengthdata","weightdata","weight","length","year","month_num","day","nation","gear","port","lat","lon","newlat","newlon"
"670",NA,NA,"670",1453,NA,NA,"France",NA,NA,43.28,5.29,43.28,5.29
NA,NA,NA,NA,1553,NA,NA,"France",NA,NA,43.3,5.37,43.3,5.37
NA,NA,NA,NA,1553,NA,NA,"France",NA,NA,43.64,7.32,43.64,7.32
"501",NA,NA,">500",1599,NA,NA,NA,NA,NA,34.59,18.05,34.59,18.05
"545",NA,NA,"450-640",1650,NA,NA,NA,NA,NA,34.58,18.06,34.58,18.06
NA,NA,NA,NA,1666,10,NA,"Italy",NA,NA,43.54,10.33,43.55,10.25
NA,NA,NA,NA,1706,NA,NA,NA,NA,NA,34.58,18.04,34.58,18.04
"527",1425,"1425","527",1721,6,6,"Italy","Captured by placing a looped rope around its head",NA,40.85,14.24,40.84,14.28
NA,653,"ca. 653",NA,1758,10,7,"France","tuna trap",NA,43.01,9.41,43.01,9.41
"600",NA,NA,"600",1758,NA,NA,NA,"harpoon",NA,34.49,18.07,34.49,18.07
NA,NA,NA,NA,1775,NA,NA,NA,NA,NA,34.55,18.05,34.55,18.05
NA,NA,NA,NA,1777,NA,NA,"Italy",NA,NA,40.11,8.44,40.11,8.44
NA,NA,NA,NA,1799,NA,NA,"France",NA,NA,43.58,7.13,43.58,7.13
NA,NA,NA,NA,1799,NA,NA,"France",NA,NA,43.18,5.56,43.17,5.57
NA,NA,NA,NA,1799,NA,NA,"France",NA,NA,43.51,7.05,43.51,7.05
NA,NA,NA,NA,1799,NA,NA,"France",NA,NA,43.69,7.26,43.68,7.32
"150",NA,NA,"150",1822,NA,NA,"Italy",NA,NA,40.83,14.26,40.83,14.26
"490",NA,NA,"490",1823,9,16,"Italy",NA,NA,42.72,15.92,42.72,15.92
NA,NA,NA,NA,1823,NA,NA,"Italy",NA,NA,42.72,15.92,42.72,15.92
NA,NA,NA,NA,1827,NA,NA,"Italy",NA,NA,42.72,15.92,42.72,15.92
"499",NA,NA,"<500",1829,6,NA,"France","tuna trap",NA,41.91,8.78,41.91,8.78
"594",1807,"1814, 1800 for Mojetta etal. 1997","Ca. 600 (602), 580 for Mojetta etal. 1997",1839,2,NA,"Italy","net",NA,43.32,13.73,43.32,13.73
"273.9",NA,NA,"308 (De Maddalena, 2000b), 313,7 (Storai, unpublished data)",1839,NA,NA,"Italy",NA,NA,43.87,10.23,43.87,10.23
NA,NA,NA,NA,1840,NA,NA,"France",NA,NA,41.91,8.78,41.91,8.78
NA,NA,NA,NA,1840,NA,NA,"France",NA,NA,41.91,8.78,41.91,8.78
NA,640,"640",NA,1846,NA,NA,"Italy",NA,NA,44.33,9.22,44.33,9.22
NA,NA,NA,NA,1850,NA,NA,NA,NA,NA,34.61,18.04,34.61,18.04
"315",NA,NA,"315",1850,NA,NA,"Italy",NA,NA,43.87,10.23,43.87,10.23
NA,NA,NA,NA,1852,NA,NA,"Italy",NA,NA,37.07,15.3,37.07,15.3
NA,NA,NA,NA,1861,5,NA,"France",NA,NA,43.41,3.74,43.41,3.74
"400",600,"600","Ca. 400",1861,8,NA,"France",NA,NA,43.39,3.72,43.39,3.72
NA,NA,NA,NA,1861,NA,NA,"Italy",NA,NA,38.24,15.62,38.24,15.62
"420",NA,NA,"420",1862,NA,NA,NA,NA,NA,34.52,18.08,34.52,18.08
"300",NA,NA,"Ca. 300",1863,NA,NA,"Italy",NA,NA,37.41,15.12,37.41,15.12
"223",NA,NA,"223",1865,NA,NA,"Algeria",NA,NA,36.89,3.32,36.89,3.32
NA,NA,NA,NA,1868,9,14,"Croatia",NA,NA,44.86,14.81,44.86,14.81
NA,NA,NA,NA,1868,9,1,"Italy",NA,NA,45.64,13.7,45.64,13.73
"460",NA,NA,"460",1868,12,16,"Croatia",NA,NA,44.93,14.92,44.93,14.92
NA,NA,NA,NA,1868,NA,NA,NA,NA,NA,34.61,18.04,34.61,18.04
NA,NA,NA,NA,1868,NA,NA,"Spain",NA,NA,39.99,3.82,39.99,3.82
NA,NA,NA,NA,1868,NA,NA,NA,NA,NA,34.5,18.06,34.5,18.06
NA,NA,NA,NA,1869,NA,NA,NA,NA,NA,34.59,18.07,34.59,18.07
NA,NA,NA,NA,1869,NA,NA,NA,NA,NA,34.5,18.03,34.5,18.03
"300",NA,NA,"300",1872,4,19,"Italy",NA,NA,45.67,13.4,45.64,13.4
"490",NA,NA,"490",1872,4,16,"Croatia",NA,NA,45.3,14.32,45.3,14.32
"237",NA,NA,"237",1872,5,12,"Croatia",NA,NA,42.73,17.51,42.73,17.51
"95",NA,NA,"95",1872,5,12,"Croatia",NA,NA,43.02,17.43,42.7,17.19
"146",NA,NA,"146",1872,6,16,"Croatia",NA,NA,43.95,15.07,43.95,15.07
"131",NA,NA,"131",1872,6,8,"Croatia",NA,NA,45.35,14.33,45.35,14.33
"260",NA,NA,"260",1872,7,25,"Croatia",NA,NA,42.58,18.21,42.58,18.21
"130",NA,NA,"130",1872,8,8,"Croatia",NA,NA,44.75,14.76,44.75,14.76
"460",NA,NA,"460",1872,NA,NA,"Italy",NA,NA,43.87,14.88,43.87,14.88
"460",NA,NA,"460",1873,NA,NA,"Italy",NA,NA,45.65,13.62,45.65,13.62
"400",600,"600","400",1875,8,NA,"France",NA,NA,43.39,3.68,43.39,3.68
"460",1125,"1125","460",1875,8,NA,"Italy","rifle-harpoon",NA,38.58,14.87,38.58,14.87
"550",1600,"1400 or 1800","550",1876,12,NA,"Italy",NA,NA,42.89,10.48,42.89,10.48
"242",NA,NA,"242",1876,NA,NA,"France",NA,NA,43.41,3.74,43.41,3.74
"446",NA,NA,"446",1876,NA,NA,"Italy",NA,NA,44.3,9.22,44.3,9.22
NA,NA,NA,NA,1876,NA,NA,NA,NA,NA,34.51,18.05,34.51,18.05
NA,NA,NA,NA,1877,5,12,"Italy",NA,NA,43.82,14.89,43.82,14.89
NA,NA,NA,NA,1877,5,12,"Italy",NA,NA,43.91,14.89,43.91,14.89
"413",NA,NA,"413",1877,5,8,"Croatia",NA,NA,44.82,14.35,44.82,14.35
"460",NA,NA,"460",1877,5,5,"Croatia",NA,NA,44.74,14.39,44.74,14.39
NA,NA,NA,NA,1877,NA,NA,"Spain",NA,NA,37.57,-1.25,37.57,-1.25
"500",NA,NA,"500",1877,NA,NA,"Spain",NA,NA,39.43,-0.3,39.43,-0.3
"500",NA,NA,"ca. 500",1877,NA,NA,"Greece",NA,NA,37.43,24.94,37.43,24.94
NA,NA,NA,NA,1877,NA,NA,NA,NA,NA,34.51,18.07,34.51,18.07
"550",2300,"2300","500 or 600",1878,1,NA,"Spain","surrounding nets",NA,39.91,0.35,39.93,0.36
"391",NA,NA,"391",1878,2,NA,"Turkey",NA,NA,41.02,29,41.02,29
"371",NA,NA,"371",1878,6,17,"Croatia",NA,NA,44.69,14.39,44.69,14.39
NA,NA,NA,NA,1878,8,9,"Croatia",NA,NA,45.23,13.59,45.23,13.59
NA,NA,NA,NA,1878,NA,NA,"Croatia",NA,NA,43.66,15.53,43.66,15.53
NA,NA,NA,NA,1878,NA,NA,"Spain",NA,NA,39.95,0.03,39.95,0.03
"500",NA,NA,"500",1878,NA,NA,"Spain",NA,NA,39.43,-0.3,39.43,-0.3
"382",NA,NA,"382",1879,5,21,"Croatia",NA,NA,44.82,14.35,44.82,14.35
NA,NA,NA,NA,1879,6,NA,"Croatia",NA,NA,44.91,14.6,44.91,14.6
NA,NA,NA,NA,1879,6,17,NA,NA,NA,42.72,15.89,42.72,15.89
NA,NA,NA,NA,1879,6,17,NA,NA,NA,42.71,15.87,42.71,15.87
"423.5",NA,NA,"402 o 445",1879,7,23,"Croatia",NA,NA,43.5,16.43,43.5,16.43
"530",NA,NA,"530",1879,10,21,"Croatia",NA,NA,44.75,14.39,44.74,14.39
"250",NA,NA,"250",1879,11,5,"Croatia",NA,NA,43.1,17.34,43.1,17.34
"250",NA,NA,"250",1879,11,5,"Italy",NA,NA,45.67,13.39,45.67,13.39
"405",NA,NA,"405",1879,NA,NA,"Italy","tuna trap",NA,39.18,8.31,39.18,8.32
"308",NA,NA,"308",1879,NA,NA,"Italy",NA,NA,43.87,10.23,43.87,10.23
NA,3000,"3000",NA,1880,5,NA,"Italy",NA,NA,42.82,10.32,42.82,10.32
"490",NA,NA,"490",1880,NA,NA,"Italy",NA,NA,45.38,13.04,45.38,13.04
"300",NA,NA,"300",1880,NA,NA,"Italy",NA,NA,37.48,15.1,37.48,15.1
"548",1814,"1814","548",1880,NA,NA,NA,NA,NA,34.62,18.03,34.62,18.03
NA,NA,NA,NA,1880,NA,NA,NA,NA,NA,34.53,18.03,34.53,18.03
NA,NA,NA,NA,1880,NA,NA,"Italy",NA,NA,44.07,9.87,44.07,9.87
"315",NA,NA,"315",1880,NA,NA,"Italy",NA,NA,43.87,10.23,43.87,10.23
"460",NA,NA,"460",1880,NA,NA,"Italy",NA,NA,45.65,13.62,45.65,13.62
"391",NA,NA,"391",1881,2,NA,"Turkey",NA,NA,41.02,28.99,41.02,28.99
"380",NA,NA,"380",1881,4,22,"Croatia",NA,NA,44.75,14.76,44.75,14.76
"405",NA,NA,"405",1881,10,16,"Croatia",NA,NA,44.75,14.76,44.75,14.76
"470",1500,"1500","470",1881,11,17,"Turkey","tuna trap",NA,41.01,29,41.01,29
NA,NA,NA,NA,1881,NA,NA,"Italy",NA,NA,38.25,15.63,38.25,15.63
"300",NA,NA,"300",1881,NA,NA,"Italy",NA,NA,37.48,15.1,37.48,15.1
NA,NA,NA,NA,1881,NA,NA,"Italy",NA,NA,42.27,11.55,42.27,11.55
"529",NA,NA,"529",1882,4,13,"Croatia",NA,NA,44.82,14.35,44.82,14.35
"300",NA,NA,"300",1882,5,22,"Italy","tuna trap",NA,39.18,8.31,39.18,8.31
NA,NA,NA,NA,1882,NA,NA,"Algeria",NA,NA,36.76,3.09,36.76,3.09
NA,NA,NA,NA,1882,NA,NA,"Italy",NA,NA,43.9,14.88,43.9,14.88
"430",NA,NA,"430",1883,1,NA,"Italy",NA,NA,44.3,9.21,44.3,9.21
"450",1200,"1200","ca. 450",1883,1,NA,"Italy",NA,NA,44.3,9.22,44.3,9.22
NA,NA,NA,NA,1883,4,25,"Italy",NA,NA,42.83,10.33,42.83,10.33
NA,1336,"1336",NA,1883,5,7,"Italy","harpoon",NA,38.26,15.72,38.26,15.72
"300",NA,NA,"300",1883,6,13,"Croatia",NA,NA,43.18,16.69,43.18,16.69
"396",NA,NA,"396",1883,9,26,"Croatia",NA,NA,44.75,14.76,44.75,14.76
"300",NA,NA,"300",1885,NA,NA,"Italy",NA,NA,37.48,15.1,37.48,15.1
"400",NA,NA,"400",1885,9,14,"Italy",NA,NA,45.73,13.68,45.73,13.68
"660",NA,NA,"1000 (450-530)",1885,NA,NA,"Italy","tuna trap",NA,43,10.51,43,10.51
"560",NA,NA,"560",1886,3,3,"Croatia",NA,NA,42.97,17.16,42.97,17.16
"601",2000,"2000","> 600",1886,NA,NA,"Italy","net",NA,43,10.51,43,10.51
"900",NA,NA,"800-1000",1886,NA,NA,"Italy","tuna trap",NA,42.92,10.52,42.92,10.52
"470",NA,NA,"470",1887,9,2,"Croatia",NA,NA,45,14.59,45,14.59
"470",NA,NA,"470",1888,7,NA,"Croatia",NA,NA,44.93,14.92,44.93,14.92
"250.5",NA,NA,"250.5",1888,NA,NA,"France",NA,NA,43.53,4.09,43.53,4.09
NA,NA,NA,NA,1889,1,NA,"Italy",NA,NA,38.21,13.27,38.21,13.27
"500",1500,"1500","500",1889,10,15,"France",NA,NA,43.1,5.88,43.1,5.93
"400",NA,NA,"400",1889,10,NA,"France","net",NA,43.08,5.8,43.08,5.8
NA,NA,NA,NA,1889,NA,NA,"France",NA,NA,43.09,5.93,43.09,5.93
NA,NA,NA,NA,1890,4,25,"Malta",NA,NA,35.85,14.58,35.85,14.58
NA,NA,NA,NA,1891,4,26,"Croatia",NA,NA,44.45,15.05,44.45,15.05
"1002.5",4000,"4000","1000 or 1005",1891,9,NA,"Italy",NA,NA,42.71,15.82,42.71,15.82
"600",600,"600 (gutted)","600",1891,12,10,"Italy",NA,NA,44.14,9.65,44.14,9.65
"450",NA,NA,"450",1892,9,NA,"Croatia",NA,NA,45.28,14.57,45.28,14.57
"401",1500,"1500",">400",1892,12,NA,"Italy",NA,NA,38.23,13.32,38.23,13.32
NA,NA,NA,NA,1892,NA,NA,"France",NA,NA,43.68,7.27,43.68,7.27
NA,NA,NA,NA,1892,NA,NA,"France",NA,NA,43.1,5.92,43.1,5.92
"500",NA,NA,"500",1892,NA,NA,"Italy",NA,NA,38.25,15.63,38.25,15.63
"165",NA,NA,"165",1893,2,19,"Croatia",NA,NA,43.7,15.83,43.7,15.83
"493.3",1125,"Ca. 1125","460",1893,8,NA,"Italy","harpoon",NA,38.23,15.58,38.23,15.58
NA,NA,NA,NA,1893,NA,NA,"Italy",NA,NA,37.41,15.12,37.41,15.12
"550",1000,"1000","550",1893,8,NA,"Italy",NA,NA,42.82,10.43,42.82,10.43
"490",NA,NA,"490",1893,NA,NA,"Italy",NA,NA,45.39,13.03,45.39,13.03
NA,NA,NA,NA,1893,NA,NA,"Croatia",NA,NA,44.9,14.62,44.9,14.62
NA,NA,NA,NA,1893,NA,NA,"Croatia",NA,NA,44.94,14.58,44.94,14.58
NA,NA,NA,NA,1893,NA,NA,"Croatia",NA,NA,44.82,14.62,44.82,14.62
NA,NA,NA,NA,1893,NA,NA,"Croatia",NA,NA,44.85,14.59,44.85,14.59
NA,NA,NA,NA,1893,NA,NA,"Croatia",NA,NA,44.83,14.57,44.83,14.57
"200",NA,NA,"200",1894,3,24,"Italy",NA,NA,38.21,13.24,38.21,13.24
NA,NA,NA,NA,1894,3,NA,"Italy",NA,NA,37.41,15.12,37.41,15.12
"470",NA,NA,"470",1894,8,29,"Croatia",NA,NA,45.3,14.55,45.3,14.55
"550",NA,NA,"550",1895,9,2,"Croatia","tuna gillnets",NA,44.91,14.59,44.91,14.59
NA,NA,NA,NA,1895,9,3,"Croatia",NA,NA,44.92,14.58,44.92,14.58
NA,NA,NA,NA,1896,9,14,"Italy",NA,NA,44.26,8.46,44.26,8.46
NA,NA,NA,NA,1896,10,19,"Italy",NA,NA,44.4,8.89,44.4,8.89
NA,1429,"1429",NA,1898,5,14,"Malta","tuna trap",NA,35.97,14.36,35.97,14.36
"500",1000,"1000","500",1898,6,5,"Italy","tuna trap",NA,42.81,10.33,42.81,10.33
"550",2000,"Ca. 2000","550",1898,NA,NA,"France","net",NA,43.1,6.5,43.1,6.5
NA,NA,NA,NA,1899,NA,NA,"France",NA,NA,42.81,5.44,42.81,5.44
"200",NA,NA,"Ca. 200",1899,NA,NA,NA,NA,NA,34.51,18.06,34.51,18.06
"550",1500,"1500","550",1900,1,NA,"Italy","tuna trap",NA,37.94,12.33,37.94,12.32
NA,NA,NA,NA,1900,5,NA,NA,NA,NA,34.59,18.04,34.59,18.04
NA,NA,NA,NA,1900,NA,NA,"Italy",NA,NA,43,10.52,43,10.52
"520",NA,NA,"520",1901,7,15,"Croatia",NA,NA,42.64,18.09,42.64,18.09
"500",NA,NA,"500",1901,NA,NA,NA,NA,NA,43.47,16.44,43.47,16.44
NA,NA,NA,NA,1902,9,NA,NA,NA,NA,34.53,18.03,34.53,18.03
NA,370,"370",NA,1902,11,NA,"Italy","tuna trap",NA,43,10.51,42.99,10.5
NA,400,"400",NA,1902,12,NA,"Italy","tuna trap",NA,43,10.51,42.99,10.5
"375",NA,NA,"375",1902,NA,NA,"Italy",NA,NA,45.65,13.78,45.65,13.78
"600",1200,"1200","Ca. 600",1903,5,21,"Croatia",NA,NA,44.99,14.9,44.99,14.9
NA,500,"500",NA,1903,8,NA,"Italy",NA,NA,38.25,15.62,38.25,15.62
NA,NA,NA,NA,1905,5,21,"Italy","longlines",NA,42.81,10.2,42.81,10.2
"510",NA,NA,"510",1905,5,29,"Croatia",NA,NA,44.92,14.59,44.92,14.59
"400",NA,NA,"400",1905,6,NA,"France",NA,NA,43.32,5.3,43.32,5.3
"600",NA,NA,"600",1906,2,20,"Spain","tuna trap",NA,39.99,3.82,39.99,3.82
"522",1800,"1800?","522",1906,5,29,"Croatia",NA,NA,45.28,14.58,45.28,14.58
"620",1800,"1800","620",1906,NA,NA,"Croatia",NA,NA,45.27,14.56,45.27,14.56
"600",NA,NA,"Ca. 600",1907,3,7,"Malta",NA,NA,35.86,14.58,35.86,14.58
NA,597,"597",NA,1907,NA,NA,"Italy","tuna trap",NA,42.99,10.5,42.99,10.5
NA,NA,NA,NA,1908,1,NA,"Croatia",NA,NA,44.81,13.94,44.8,13.9
NA,NA,NA,NA,1908,1,NA,"Croatia",NA,NA,42.97,17.17,42.97,17.17
"170",NA,NA,"170",1908,5,19,"Croatia",NA,NA,43.86,15.26,43.86,15.26
NA,1400,"1400",NA,1908,6,NA,"Italy",NA,NA,45.66,13.6,45.66,13.6
NA,NA,NA,NA,1908,12,NA,"Italy",NA,NA,38.17,15.55,38.16,15.55
NA,NA,NA,NA,1908,NA,NA,"France",NA,NA,43.44,4.41,43.44,4.41
NA,NA,NA,NA,1908,NA,NA,"France",NA,NA,43.39,4.98,43.39,4.98
"223",NA,NA,"223",1908,NA,NA,NA,NA,NA,34.62,18.04,34.62,18.04
NA,NA,NA,NA,1908,NA,NA,NA,NA,NA,34.56,18.01,34.56,18.01
"304",NA,NA,"304",1908,NA,NA,"Italy",NA,NA,37.41,15.12,37.41,15.12
NA,NA,NA,NA,1908,NA,NA,"Croatia",NA,NA,45.34,14.32,45.34,14.32
"450",800,"800","450",1909,1,26,"Italy","rifle-harpoon",NA,37.24,15.26,37.24,15.26
"350",350,"350","350",1909,6,NA,"Italy",NA,NA,44.34,8.55,44.34,8.55
NA,NA,NA,NA,1909,9,18,"Italy",NA,NA,43.58,10.28,43.58,10.28
NA,NA,NA,NA,1909,9,NA,"Italy",NA,NA,44.42,8.82,44.42,8.82
"550",NA,NA,"550",1909,10,NA,"Croatia","tuna trap",NA,45.28,14.56,45.28,14.56
NA,NA,NA,NA,1909,NA,NA,"Italy",NA,NA,38.2,15.57,38.2,15.56
NA,NA,NA,NA,1910,10,11,"France",NA,NA,43.53,4.13,43.53,4.13
NA,NA,NA,NA,1910,11,NA,"Italy",NA,NA,42.81,10.2,42.84,10.2
"471",1000,"1000","471",1912,12,NA,"Spain","tuna trap",NA,41.5,2.4,41.5,2.4
NA,NA,NA,NA,1912,NA,NA,"France",NA,NA,43.39,4.98,43.39,4.98
NA,NA,NA,NA,1912,NA,NA,"France",NA,NA,43.11,5.8,43.11,5.8
"650",2400,"2400","650",1913,NA,NA,"Italy","harpoon",NA,38.26,15.64,38.26,15.64
NA,NA,NA,NA,1914,9,NA,"Malta",NA,NA,35.82,14.45,35.82,14.45
"427.1",NA,NA,"Ca. 450 (475)",1914,NA,NA,"Italy",NA,NA,44.3,9.21,44.3,9.21
"700",NA,NA,"ca. 700",1916,NA,NA,"Turkey","fish trap",NA,40.96,29.08,40.96,29.08
"438",NA,NA,"438",1918,NA,NA,NA,NA,NA,42.69,15.8,42.69,15.8
"525",1300,"1300","525",1920,2,2,"Croatia",NA,NA,43.95,15.07,43.95,15.07
"465",1200,"ca. 1200","465",1920,5,NA,"Turkey","swordfish line",NA,40.85,29.15,40.85,29.15
"150",NA,NA,"150",1920,NA,NA,"Spain",NA,NA,35.29,-2.91,35.29,-2.91
"500",NA,NA,"ca. 500",1920,NA,NA,"Turkey",NA,NA,40.85,29.11,40.85,29.11
"500",NA,NA,"500",1921,NA,NA,"Italy",NA,NA,38.2,15.57,38.2,15.57
NA,NA,NA,NA,1923,NA,NA,"Turkey",NA,NA,40.66,28.11,40.66,28.11
"512.6",1200,"1200","507 or 600",1924,6,NA,"Italy","tuna trap",NA,40.76,14.03,40.76,14.01
NA,1200,"1200",NA,1924,5,NA,"Italy","harpoon",NA,38.29,15.75,38.28,15.76
"600",1500,"1500","600",1925,10,15,"France",NA,NA,43.36,5.31,43.36,5.31
"150",NA,NA,"150",1925,NA,NA,"Spain",NA,NA,35.29,-2.92,35.29,-2.92
"390",NA,NA,"Ca. 390 (est)",1925,NA,NA,"Spain","tuna trap",NA,39.7,3.02,39.89,3.19
"513",2000,"2000","513",1925,NA,NA,"Spain","tuna trap",NA,39.7,3.02,39.89,3.19
"700",NA,NA,"700",1925,NA,NA,"Spain","tuna trap",NA,39.7,3.02,39.48,3.31
"800",4500,"ca. 4500","ca. 800",1925,NA,NA,"Turkey",NA,NA,41,29,41,29
"400",NA,NA,"ca. 400",1925,NA,NA,"Turkey","hand line intended for tuna",NA,40.65,28.09,40.65,28.09
NA,NA,NA,NA,1925,NA,NA,"Morocco",NA,NA,35.18,-2.43,35.18,-2.43
NA,NA,NA,NA,1925,NA,NA,"Spain",NA,NA,41.08,1.21,41.08,1.21
"450",1499,"> 1500","450",1926,2,20,"Turkey",NA,NA,40.86,29.13,40.86,29.13
"500",700,"700","500",1926,3,NA,"Croatia",NA,NA,44.07,15.14,44.07,15.14
"300",NA,NA,"300",1926,6,NA,"Montenegro",NA,NA,42.45,18.53,42.45,18.53
"650",NA,NA,"600-700",1926,7,23,"Italy",NA,NA,44.36,8.58,44.27,8.45
"400",500,"500","400",1926,8,NA,"Croatia",NA,NA,42.93,17.17,42.93,17.17
"600",800,"800ca.","600",1926,9,NA,"Montenegro",NA,NA,42.43,18.76,42.43,18.76
"600",1800,"1800","600",1926,10,NA,"Croatia","tuna gillnet",NA,42.93,17.17,42.93,17.17
"500",2000,"2000","500 cm",1926,2,2,"Turkey",NA,NA,NA,NA,40.85,29.15
NA,NA,NA,NA,1926,NA,NA,"France",NA,NA,43.09,5.79,43.09,5.79
"600",500,"500","600",1926,NA,NA,"Croatia",NA,NA,42.93,17.17,42.93,17.17
"610",1900,"1900","610",1927,2,15,"Croatia",NA,NA,45.08,13.63,45.08,13.63
"700",NA,NA,"700",1927,9,3,"Spain","tuna trap",NA,39.7,3.02,39.47,2.69
NA,NA,NA,NA,1927,NA,NA,"Spain","trammel net",NA,39.26,3.06,39.25,3.13
NA,NA,NA,NA,1927,NA,NA,"Spain",NA,NA,40.46,0.47,40.46,0.47
NA,NA,NA,NA,1927,NA,NA,"Spain",NA,NA,41.49,2.36,41.49,2.36
"600",1000,"1000","Ca. 600",1927,NA,NA,"Croatia",NA,NA,45.08,13.63,45.08,13.63
"450",800,"800","450",1928,2,12,"Italy",NA,NA,43.64,13.53,43.64,13.53
NA,NA,NA,NA,1928,7,NA,"Italy",NA,NA,43.87,10.23,43.87,10.24
"150",NA,NA,"150",1928,NA,NA,"Spain",NA,NA,35.29,-2.91,35.29,-2.91
"414",NA,NA,"414",1929,NA,NA,"Italy",NA,NA,44.31,9.22,44.31,9.22
"500",800,"800","500",1930,10,18,"Italy",NA,NA,42.44,11.14,42.44,11.14
"450",NA,NA,"450",1930,NA,NA,"Italy",NA,NA,39.24,16.04,39.24,16.04
NA,1400,"1400",NA,1930,NA,NA,"Italy","tuna trap",NA,38.73,16.16,38.73,16.15
NA,NA,NA,NA,1930,NA,NA,"Turkey",NA,NA,40.99,29,40.99,29
NA,NA,NA,NA,1930,NA,NA,"Turkey",NA,NA,40.95,28.81,40.95,28.81
"150",NA,NA,"150",1931,NA,NA,"Croatia",NA,NA,43.52,15.97,43.52,15.97
NA,NA,NA,NA,1932,NA,NA,"Italy",NA,NA,40.14,11.35,40.14,11.35
NA,NA,NA,NA,1932,NA,NA,"Italy",NA,NA,39.99,11.34,39.99,11.34
NA,NA,NA,NA,1933,NA,NA,"Croatia",NA,NA,45.32,14.43,45.32,14.43
"600",NA,NA,"Ca. 600",1934,8,30,"Croatia",NA,NA,45.33,14.41,45.33,14.41
"600",NA,NA,"Ca. 600",1934,8,30,"Croatia",NA,NA,45.33,14.42,45.33,14.42
"600",NA,NA,"600",1934,8,30,"Croatia",NA,NA,45.33,14.4,45.28,14.53
NA,NA,NA,NA,1934,8,21,"Croatia",NA,NA,44.51,14.31,44.52,14.28
"400",NA,NA,"400",1934,8,27,"Italy",NA,NA,37.48,15.09,37.48,15.09
"700",1550,"1100 or >2000","700",1934,9,2,"Croatia",NA,NA,45.28,14.56,45.28,14.56
"601",NA,NA,">600",1934,9,7,"Croatia",NA,NA,44.82,14.35,44.82,14.35
"550",900,"1000 or 800","500 or 600",1934,9,7,"Croatia","tuna trap",NA,45.24,14.26,45.23,14.28
"800",NA,NA,"800",1934,NA,NA,"Italy","hook and line",NA,42.4,11.21,42.4,11.21
NA,NA,NA,NA,1934,NA,NA,"Italy",NA,NA,44.26,9.42,44.26,9.42
"425",2500,"2500","425",1934,NA,NA,"Egypt",NA,NA,31.11,29.75,31.11,29.75
"501",NA,NA,">500",1935,5,23,"Italy",NA,NA,38.25,15.62,38.25,15.62
NA,NA,NA,NA,1935,7,3,"Italy",NA,NA,44.26,9.42,44.26,9.42
"600",2500,"2500","600",1935,7,20,"Croatia","tuna gillnet",NA,44.86,14.89,44.85,14.88
"700",NA,NA,"700",1935,NA,NA,"Spain","tuna trap",NA,39.48,2.64,39.42,2.68
NA,NA,NA,NA,1935,NA,NA,"France",NA,NA,43.21,3.73,43.21,3.73
NA,NA,NA,NA,1935,NA,NA,"France",NA,NA,43.24,3.47,43.24,3.47
NA,800,"800",NA,1935,NA,NA,"Italy","longline",NA,42.38,11.12,42.37,11.11
"500",1600,"1600 (gutted)","500",1935,NA,NA,"France","driftnet",NA,43.49,4.11,43.35,4.05
"500",NA,NA,"ca. 500",1936,NA,NA,"Turkey",NA,NA,NA,NA,40.85,29.11
"150",50,"50","150 cm",1936,NA,NA,"Turkey",NA,NA,NA,NA,40.88,29.11
NA,1700,"1700",NA,1937,3,21,"Turkey","harpoon",NA,40.85,29.11,40.85,29.11
"490.5",1200,"1200","530",1937,8,23,"Italy","purse seine",NA,36.74,15.12,36.74,15.12
NA,NA,NA,NA,1937,NA,NA,"Italy",NA,NA,42.77,10.09,42.77,10.09
"558.4",1900,"1800 Storai.etal.2005 , deMaddalena.Heim.2012, 2000 Mojetta.etal.1997","597 (photo), 555-589 (weight) Storai.etal.2005, Ca.600 (613) TOT deMaddalena.Heim.2012 562.4 TL (estimate), 600-500 Mojetta.etal.1997, 510+ Fegusson.solo.1996",1938,8,28,"Italy","tuna trap",NA,42.83,10.26,42.83,10.26
NA,NA,NA,NA,1938,9,8,"Croatia",NA,NA,45.17,14.69,45.17,14.69
NA,800,"800",NA,1938,8,29,"Italy","tuna trap",NA,42.83,10.26,42.83,10.26
"500",NA,NA,"Ca. 500",1938,8,24,"Slovenia",NA,NA,45.55,13.72,45.55,13.72
NA,NA,NA,NA,1938,NA,NA,"Italy",NA,NA,40.64,11.5,40.64,11.5
NA,3000,"ca.3000",NA,1939,NA,NA,"Turkey","handline",NA,40.85,29.13,40.85,29.13
"800",NA,NA,"800",1940,NA,NA,"France",NA,NA,43.53,4.12,43.53,4.12
NA,NA,NA,NA,1940,NA,NA,"Slovenia",NA,NA,45.55,13.72,45.55,13.72
NA,NA,NA,NA,1940,NA,NA,"Italy","tuna trap",NA,42.78,10.19,42.78,10.19
"600",2000,"2000","600 ca.",1941,8,NA,"Spain",NA,NA,39.89,3.2,39.89,3.2
"600",NA,NA,"600 ca.",1941,8,NA,"Spain",NA,NA,39.89,3.2,39.89,3.2
"600",1600,"1600","600",1941,12,NA,"Spain","enclosed tuna nets",NA,39.89,3.19,39.89,3.19
"445",900,"900","445",1941,NA,NA,"Spain","enclosed tuna net",NA,39.89,3.19,39.89,3.19
"422",800,"800","400, 444 (est)",1942,2,1,"Spain","tuna trap",NA,39.7,3.02,39.89,3.32
NA,NA,NA,NA,1942,NA,NA,"Greece",NA,NA,40.81,25.89,40.81,25.89
"428",800,"800","428",1943,2,NA,"Spain","enclosed tuna nets",NA,39.89,3.19,39.89,3.19
"523",1500,"1500","523",1943,2,NA,"Spain","enclosed tuna nets",NA,39.89,3.19,39.89,3.18
NA,NA,NA,NA,1943,NA,NA,"France",NA,NA,43.54,4.14,43.53,4.03
"230",NA,NA,"230",1943,NA,NA,"Greece",NA,NA,40.93,24.4,40.93,24.4
"500",NA,NA,"500",1943,NA,NA,"Greece",NA,NA,37.44,24.96,37.44,24.96
"180",NA,NA,"180",1943,NA,NA,"Greece",NA,NA,40.57,24.65,40.57,24.65
"530.5",1350,"1350","535, 526 (est)",1944,2,12,"Spain","tuna trap",NA,39.7,3.02,39.86,3.28
"422.5",800,"800",">400, 444 (est)",1945,NA,NA,"Spain","tuna trap",NA,39.7,3.02,39.89,3.19
"439",1000,"1000",">400, 477 (est)",1945,NA,NA,"Spain","tuna trap",NA,39.7,3.02,39.89,3.19
NA,NA,NA,NA,1945,NA,NA,"Croatia",NA,NA,45.55,13.72,45.55,13.72
"600",NA,NA,"Ca. 600",1945,NA,NA,"Italy",NA,NA,42.47,14.24,42.47,14.24
NA,NA,NA,NA,1945,NA,NA,"France",NA,NA,43.06,5.89,43.06,5.89
"550",1790,"1790","Ca. 550 (est)",1946,8,10,"Spain","tuna trap",NA,38.16,-0.48,38.15,-0.48
NA,NA,NA,NA,1946,NA,NA,"Croatia",NA,NA,45.28,14.58,45.28,14.58
"800",NA,NA,"800",1946,NA,NA,"France",NA,NA,43.54,4.14,43.53,4.03
NA,NA,NA,NA,1946,8,10,"Tunisia","tuna trap",NA,36.98,8.75,36.98,8.75
"300",300,"300","300",1947,5,NA,NA,NA,NA,43.46,15.75,43.46,15.75
"950",3590,"3590","Ca. 900-1000",1947,NA,NA,"Italy","tuna trap",NA,38.07,12.82,38.07,12.82
"640",NA,NA,"Ca. 640",1948,9,22,"Greece",NA,NA,37.95,23.6,37.95,23.59
NA,NA,NA,NA,1950,5,1,"Italy",NA,NA,42.81,10.2,42.81,10.2
"750",NA,NA,"700-800",1950,8,NA,"Croatia",NA,NA,43.58,15.92,43.58,15.92
"400",NA,NA,"400",1950,NA,NA,"Turkey","hand line intended for tuna",NA,40.88,29.07,40.88,29.07
NA,NA,NA,NA,1950,NA,NA,"France",NA,NA,43.1,5.92,43.1,5.92
NA,NA,NA,NA,1950,NA,NA,"Italy",NA,NA,43.09,10.53,43.09,10.53
NA,NA,NA,NA,1950,NA,NA,"Croatia",NA,NA,45.07,13.63,45.07,13.63
NA,NA,NA,NA,1951,8,17,"Greece",NA,NA,39.61,19.93,39.63,19.93
"450",NA,NA,"Ca. 400-500",1952,NA,NA,"Italy","tuna trap",NA,42.82,10.28,42.83,10.26
NA,NA,NA,NA,1953,5,NA,"Italy","tuna trap",NA,37.94,12.28,37.94,12.32
NA,NA,NA,NA,1953,5,NA,"Italy","tuna trap",NA,37.94,12.28,37.94,12.32
"550",1701,">1700","550",1953,5,29,"Italy","tuna trap",NA,37.94,12.28,37.94,12.32
"600",1500,"1500","600",1953,6,20,"Tunisia","tuna trap",NA,37.02,10.91,37.02,10.9
"450",1500,"1500","450",1954,3,30,"Turkey","hand line intended for tuna",NA,40.79,29.27,40.79,29.27
"567.5",1600,"1400 or 2000, 1400 (Mojetta.etal.1997)","700 or 500 (Mojetta.etal.1997) or 520-550 (deMaddalena.Heim.2012",1954,5,16,"Italy","tuna trap",NA,44.35,9.15,44.35,9.15
NA,NA,NA,NA,1954,5,16,"Italy","tuna trap",NA,44.35,9.15,44.35,9.15
"80",NA,NA,"80",1954,6,NA,"Italy","hook and line",NA,44.34,9.21,44.34,8.9
"550",1500,"1500","550",1954,10,2,"Croatia",NA,NA,44.46,15.04,44.46,15.04
NA,1800,"1800",NA,1954,5,20,"Tunisia","tuna trap",NA,37.02,10.91,37.02,10.9
NA,1800,"1800",NA,1954,5,20,"Tunisia","tuna trap",NA,37.02,10.91,37.02,10.9
NA,1500,"1500",NA,1955,2,1,"Turkey","hook and line",NA,41.05,29.03,41.05,29.04
NA,NA,NA,NA,1955,8,NA,"Montenegro",NA,NA,42.28,18.84,42.28,18.85
"460",NA,NA,"460",1955,12,10,"Croatia",NA,NA,44.99,14.9,44.99,14.9
"700",NA,NA,"700",1956,3,25,"Italy",NA,NA,44.39,8.95,44.39,8.95
"618",3000,"ca. 3000","618",1956,4,15,"Turkey","hand line intended for tuna",NA,40.86,29.11,40.86,29.11
NA,2500,"2500",NA,1956,4,15,"Turkey","hook and line",NA,41.01,28.99,41.01,28.99
"500",NA,NA,"Ca. 500",1956,7,NA,"Malta",NA,NA,35.85,14.57,35.9,14.53
NA,NA,NA,NA,1956,8,NA,"Malta",NA,NA,35.82,14.45,35.81,14.42
NA,NA,NA,NA,1956,8,NA,"Malta",NA,NA,35.79,14.41,35.79,14.41
"420",600,"600","420",1956,9,NA,"Italy","Hook and line",NA,41.22,13.07,41.22,13.07
"545.9",2000,"2000","589",1956,10,13,"France","trawl",NA,43.5,3.88,43.48,3.91
"565",NA,NA,"565",1956,10,12,"France",NA,NA,43.39,3.7,43.39,3.7
NA,NA,NA,NA,1956,NA,NA,"France",NA,NA,43.54,4.14,43.53,4.03
"520",1550,"1300 or 1800","520",1956,5,16,"Tunisia","tuna trap",NA,37.02,10.91,37.02,10.9
"410",1300,"1300","410",1956,5,22,"Tunisia","tuna trap",NA,37.02,10.91,37.02,10.9
NA,1800,"1800",NA,1956,NA,NA,"France","drift net",NA,43.34,5.26,43.34,5.33
"600",NA,NA,"600",1956,NA,NA,"Italy",NA,NA,44.14,9.65,44.14,9.65
"400",NA,NA,"400",1956,NA,NA,"Croatia",NA,NA,45.1,14.7,45.1,14.7
NA,NA,NA,NA,1957,NA,NA,"Turkey",NA,NA,36.63,35.89,36.63,35.89
NA,400,"400",NA,1957,NA,NA,"France","line",NA,42.17,8.41,42.17,8.41
"500",2500,"2500","500",1958,3,5,"Turkey",NA,NA,40.87,29.11,40.87,29.11
"800",NA,NA,"ca. 800",1958,12,28,"Turkey",NA,NA,41,28.99,41,28.99
"700",2000,"ca. 2000","ca. 700",1958,12,25,"Turkey",NA,NA,40.88,29.11,40.88,29.11
NA,NA,NA,NA,1958,NA,NA,"Spain","enclosed tuna nets",NA,39.8,3.23,39.89,3.19
"700",NA,NA,"ca. 700",1958,NA,NA,"Turkey","hook",NA,41,28.99,41,28.99
"457",NA,NA,"457",1959,2,NA,"Italy","tuna trap",NA,41.24,9.16,41.23,9.16
"450",1500,"1500","450",1959,6,16,"Italy","tuna trap",NA,38.16,14.93,38.18,14.89
"600",2000,"2000","600",1959,8,28,"Italy","tuna trap",NA,38.16,14.93,38.18,14.89
"600",2750,"ca. 1500 to 4000","500 to 700",1959,NA,NA,"Turkey",NA,NA,40.99,28.99,40.99,28.99
NA,NA,NA,NA,1959,NA,NA,"France",NA,NA,43.1,5.92,43.1,5.92
NA,NA,NA,NA,1960,NA,NA,"Italy",NA,NA,42.76,10.42,42.76,10.42
"460",882,"750-780 (Storai.etal.2005) or 1000","600-500 or 360-380 (Storai.etal. 2005)",1960,8,18,"Italy","trammel net",NA,42.82,10.43,42.86,10.43
"135",NA,NA,"135",1960,8,NA,"Italy",NA,NA,37.64,12.59,37.64,12.59
"750",NA,NA,"Ca. 700-800",1960,NA,NA,"Italy",NA,NA,41.21,13.13,41.21,13.13
NA,NA,NA,NA,1960,9,23,"Algeria",NA,NA,36.95,7.86,36.95,7.86
"600",NA,NA,"600",1960,NA,NA,"Italy","tuna trap",NA,36.69,15.15,36.66,15.14
"653",1500,"Ca. 1500","Ca. 640 (666)",1961,6,19,"Italy","harpoon",NA,38.26,15.61,38.26,15.61
"450",NA,NA,"Ca. 450",1961,7,7,"Italy",NA,NA,44.01,12.66,44.07,12.78
NA,NA,NA,NA,1961,9,24,"Croatia",NA,NA,45.33,14.31,45.18,14.31
"500",NA,NA,"Ca. 500",1961,NA,NA,"Italy",NA,NA,44.35,9.15,44.35,9.15
NA,NA,NA,NA,1961,NA,NA,"Italy",NA,NA,41.23,13.04,41.23,13.04
"500",3750,"3750","500",1962,2,NA,"Turkey",NA,NA,41,28.99,41,28.99
"366",500,"500","350, 382 (est)",1962,3,NA,"Spain","tuna trap",NA,39.7,3.02,39.87,3.38
"312",300,"300","300, 324 (est)",1962,3,NA,"Spain","tuna trap",NA,39.7,3.02,39.87,3.37
NA,3000,"3000",NA,1962,3,19,"Turkey",NA,NA,41.05,29.03,41.05,29.03
"480",2000,"2000","480",1962,6,4,"Greece",NA,NA,38.16,21.54,38.16,21.54
NA,NA,NA,NA,1962,8,NA,"Italy",NA,NA,41.23,13.04,41.23,13.03
NA,NA,NA,NA,1962,8,NA,"Italy",NA,NA,41.23,13.04,41.22,13.03
NA,NA,NA,NA,1962,9,2,"Italy",NA,NA,41.21,13.13,41.21,13.13
NA,NA,NA,NA,1962,NA,NA,"Italy",NA,NA,41.23,13.04,41.23,13.04
"500",1500,"1500","500",1962,NA,NA,"Spain",NA,NA,39.95,0.03,39.95,0.03
"701",3000,"Ca. 3000",">700?",1963,3,9,"Italy",NA,NA,38.26,15.61,38.26,15.61
"350",NA,NA,"350",1963,6,NA,"Italy",NA,NA,38.26,15.61,38.26,15.61
NA,NA,NA,NA,1963,6,NA,"Italy","harpoon",NA,38.25,15.61,38.25,15.61
"300",NA,NA,"Ca. 300",1963,6,1,"Greece",NA,NA,39.16,23.09,39.16,23.1
"505.8",1100,"Ca. 1100","Ca. 600 (492-547)",1963,10,22,"Slovenia",NA,NA,45.51,13.51,45.51,13.51
"614.5",2200,"2200","615, 614 (est)",1963,12,26,"Spain","tuna trap",NA,39.7,3.02,39.87,3.38
"441",500,"500","500, 382 (est)",1963,NA,NA,"Spain","tuna trap",NA,39.7,3.02,39.89,3.19
NA,NA,NA,NA,1963,NA,NA,"Spain","enclosed tuna nets",NA,39.8,3.23,39.89,3.19
"530",1400,"1400","535, 510 (est from pictures), 545 (est with Moilllet and Caillet, 1996)",1964,1,NA,"Spain","tuna trap",NA,39.7,3.02,39.87,3.38
"540",2000,"Ca. 2000","Ca. 500 or 580",1964,5,NA,"Malta","line",NA,35.79,14.41,35.79,14.41
"900",1900,"1900","900",1964,7,20,"Italy",NA,NA,42.35,10.32,42.35,10.32
"310",380,"380","300 or 320",1964,11,NA,"Italy","hook and line and harpooned",NA,41.22,13.11,41.22,13.11
"650",NA,NA,"Ca. 650",1964,11,NA,"Italy","hook and line and harpooned",NA,41.2,13.07,41.2,13.07
NA,NA,NA,NA,1964,NA,NA,"France",NA,NA,43.33,5.34,43.33,5.34
"600",NA,NA,"Ca.600",1964,NA,NA,"Italy","tuna trap",NA,37.97,12.27,37.99,12.43
NA,NA,NA,NA,1964,NA,NA,"Italy",NA,NA,42.29,11.43,42.29,11.43
"470",800,"800","440-500",1965,1,NA,"Italy","trap",NA,36.74,15.12,36.76,15.19
"600",1200,"1200","620 cm for Fergusson.solo.1996,
620 cm for Mojetta.etal.1997, 560 cm for Celona.etal.2001",1965,3,9,"Italy","harpoon",NA,38.25,15.61,38.25,15.61
"701",3000,"ca. 3000","> 700",1965,4,1,"Italy","harpoon",NA,38.26,15.61,38.26,15.61
"500",4000,"ca. 4000","500",1965,12,28,"Turkey","hand line intended for tuna",NA,41.04,29,41.04,29
"700",3000,"ca. 3000","700",1965,12,28,"Turkey","hand line intended for tuna",NA,41.02,29,41.02,29
"700",2500,"2500","700 ca.",1965,NA,NA,"Spain","enclosed tuna nets",NA,39.48,2.74,39.48,2.73
"588.5",1000,"1000","700, 477 (est)",1965,NA,NA,"Spain","tuna trap",NA,39.7,3.02,39.89,3.19
NA,NA,NA,NA,1965,NA,NA,"Italy","rifle-harpoon",NA,38.25,15.63,38.25,15.63
NA,NA,NA,NA,1965,NA,NA,"Tunisia",NA,NA,37.52,8.94,37.52,8.94
NA,NA,NA,NA,1965,NA,NA,"Tunisia",NA,NA,36.83,11.1,36.83,11.1
NA,NA,NA,NA,1965,NA,NA,"Tunisia",NA,NA,34.21,10.79,34.21,10.79
"400",2000,"ca. 2000","ca. 400",1966,1,13,"Turkey","harpoon",NA,41.02,28.98,41.02,28.98
"400",2000,"ca. 2000","ca. 400",1966,1,13,"Turkey","harpoon",NA,41.02,28.98,41.02,28.98
NA,NA,NA,NA,1966,1,13,"Turkey","tuna handline",NA,41,28.97,41,28.97
NA,NA,NA,NA,1966,8,16,"Croatia",NA,NA,43.6,15.82,43.6,15.82
NA,1100,"1100","506",1966,NA,NA,"Spain","tuna trap",NA,39.7,3.02,39.89,3.19
NA,1200,"1200","492",1966,NA,NA,"Spain","tuna trap",NA,39.7,3.02,39.89,3.19
NA,NA,NA,NA,1967,NA,NA,"Turkey","tuna hand line",NA,40.86,29.11,40.86,29.11
"500",1300,"1300","500",1967,1,27,"Spain","enclosed tuna nets",NA,39.71,3.46,39.71,3.46
"555.7",1700,"1700","550, 550 (est picture), 567 (est Moillet and Caillet, 1996)",1967,1,NA,"Spain","tuna trap",NA,39.7,3.02,39.87,3.38
"450",NA,NA,"400-500",1967,5,1,"Italy","gill net",NA,42.83,10.26,42.83,10.25
"450",NA,NA,"Ca. 400-500",1967,6,NA,"Italy",NA,NA,38.25,15.63,38.25,15.63
NA,900,"900",NA,1967,7,22,"Italy","gill net",NA,42.37,11,42.38,11.01
"510.7",1700,"1700","515, 450 (est picture), 567 (est Moillet and Caillet, 1996)",1967,10,1,"Spain","trap net",NA,39.7,3.02,39.8,3.15
"523",1500,"1500","523",1967,NA,NA,"Spain","enclosed tuna nets",NA,39.78,3.36,39.78,3.36
"530.5",1350,"1350","535, 526 (est Moillet and Caillet, 1996)",1967,NA,NA,"Spain","tuna trap",NA,39.8,3.36,39.8,3.36
NA,NA,NA,NA,1968,3,NA,"Italy",NA,NA,42.1,11.77,42.1,11.77
"551",NA,NA,"551",1968,3,NA,"Turkey","tuna hand-line",NA,40.99,29,40.99,29
NA,NA,NA,NA,1968,5,5,"Italy","net",NA,42.81,10.2,42.81,10.2
NA,NA,NA,NA,1968,6,NA,"Spain","enclosed tuna nets",NA,39.71,3.46,39.71,3.46
NA,NA,NA,NA,1968,NA,NA,NA,NA,NA,42.65,15.81,42.65,15.81
"200",NA,NA,"Ca. 200",1968,NA,NA,"Croatia","gill net",NA,44.02,15.06,44.02,15.06
"523",1500,"1500","523",1969,2,NA,"Spain","enclosed tuna nets",NA,39.8,3.23,39.81,3.24
"428",800,"800","428",1969,2,NA,"Spain","enclosed tuna nets",NA,39.8,3.23,39.82,3.26
NA,700,"700(gutted)",NA,1969,2,NA,"Spain","enclosed tuna nets",NA,39.8,3.23,39.81,3.25
"477",1000,"1000","477 (est Moillet and Caillet, 1996)",1969,2,NA,"Spain","tuna trap",NA,39.96,3.25,39.96,3.25
"573.5",1250,"1250","550, 597 (est Moillet and Caillet, 1996)",1969,2,NA,"Spain","tuna trap",NA,39.96,3.25,39.96,3.25
"532.7",2000,"2000","550, 535 (est picture), 513 (est Moillet and Caillet, 1996)",1969,2,NA,"Spain","tuna trap",NA,39.96,3.25,39.96,3.25
"665.5",2500,"2500","600, 620 (picture), 800, 642 (est Moillet and Caillet, 1996)",1969,3,NA,"Spain","tuna trap",NA,39.42,2.74,40.81,25.89
NA,NA,NA,NA,1969,NA,NA,NA,NA,NA,43.48,15.83,43.48,15.83
NA,NA,NA,NA,1969,NA,NA,"Greece",NA,NA,39.59,23.21,39.59,23.21
"600",NA,NA,"600",1969,NA,NA,"Italy",NA,NA,43.13,15.17,43.13,15.17
"526",1350,"1350","526 (est Moillet and Caillet, 1996)",1970,1,NA,"Spain","tuna trap",NA,39.96,3.25,39.96,3.25
"460",1000,"1000","460",1970,1,NA,"Spain","enclosed tuna nets",NA,39.89,3.2,39.89,3.2
NA,NA,NA,NA,1970,NA,NA,"Italy","tuna trap",NA,44.32,9.14,44.32,9.14
NA,NA,NA,NA,1970,NA,NA,"Italy","trammel net",NA,42.39,11.09,42.38,11.08
NA,NA,NA,NA,1970,NA,NA,"Italy",NA,NA,38.3,15.52,38.3,15.52
NA,NA,NA,NA,1970,NA,NA,"Italy",NA,NA,39.99,8.31,39.99,8.31
"400",NA,NA,"400",1970,NA,NA,"Italy",NA,NA,37.07,15.3,37.07,15.3
NA,NA,NA,NA,1970,NA,NA,"Croatia",NA,NA,45.32,13.55,45.32,13.55
NA,NA,NA,NA,1970,NA,NA,"Tunisia",NA,NA,37.28,9.88,37.28,9.88
"400",NA,NA,"400",1971,4,NA,"Italy","tuna trap",NA,41.23,9.16,41.23,9.16
NA,NA,NA,NA,1971,9,NA,"Croatia",NA,NA,45.31,14.28,45.18,14.31
"550",1500,"1500","550 ca.",1971,NA,NA,"Spain","enclosed tuna nets",NA,39.76,2.62,39.76,2.62
NA,NA,NA,NA,1971,NA,NA,"Croatia",NA,NA,45.34,14.31,45.18,14.31
"200",NA,NA,"200",1971,NA,NA,"Israel","rod and line",NA,32.6,34.8,32.6,34.8
NA,NA,NA,NA,1972,1,1,"Greece",NA,NA,37.44,24.96,37.44,24.96
"600",NA,NA,"600",1972,8,17,"Croatia",NA,NA,43.78,15.28,43.78,15.28
"460",1300,"1300","460",1972,9,15,"Greece",NA,NA,40.42,22.61,40.42,22.62
NA,NA,NA,NA,1972,NA,NA,"Italy",NA,NA,35.5,12.58,35.5,12.58
NA,NA,NA,NA,1972,NA,NA,"Italy","net",NA,35.58,12.24,35.58,12.24
"400",NA,NA,"400",1972,3,21,"Tunisia",NA,NA,33.5,11.12,33.5,11.12
"400",NA,NA,"400",1972,3,21,"Tunisia",NA,NA,33.5,11.12,33.5,11.12
"185",NA,NA,"185",1972,4,21,"Tunisia",NA,NA,33.5,11.12,33.5,11.12
"574",2000,"2000","574",1972,NA,NA,"Spain","enclosed tuna nets",NA,39.94,3.18,39.94,3.18
NA,2500,"2500","642 (est Moillet and Caillet, 1996)",1972,NA,NA,"Spain","tuna trap",NA,39.7,3.02,39.89,3.19
"550",1920,"1920","550",1973,3,NA,"Malta",NA,NA,35.79,14.41,35.79,14.41
"530",NA,NA,"530",1973,3,NA,"Malta","net",NA,35.93,14.33,35.93,14.33
"462.3",NA,NA,"500",1973,9,5,"Italy",NA,NA,43.32,10.37,43.32,10.37
NA,NA,NA,NA,1973,NA,NA,"Italy",NA,NA,43.35,10.45,43.35,10.45
NA,2000,"ca. 2000",NA,1973,NA,NA,"Turkey",NA,NA,40.87,29.11,40.87,29.11
"520",1500,"1500","520",1974,5,NA,"Italy","tuna net",NA,37.99,12.43,37.99,12.43
"450",NA,NA,"ca. 450",1974,8,14,"Italy",NA,NA,40.1,8.49,40.1,8.49
"500",NA,NA,"Ca. 500",1974,8,10,"Croatia",NA,NA,43.41,16.77,43.37,16.77
NA,NA,NA,NA,1974,NA,NA,"Italy",NA,NA,44.4,8.9,44.4,8.9
"610",1500,"1500","700-520",1974,NA,NA,"Italy","tuna trap",NA,37.94,12.34,37.94,12.34
NA,NA,NA,NA,1974,NA,NA,"Greece",NA,NA,39.56,23.17,39.56,23.17
NA,NA,NA,NA,1974,NA,NA,"Croatia",NA,NA,43.04,17.42,43.04,17.42
NA,NA,NA,NA,1974,NA,NA,"Croatia",NA,NA,43.04,17.42,43.04,17.42
NA,NA,NA,NA,1974,NA,NA,"Croatia",NA,NA,43.04,17.42,43.04,17.42
"524",NA,NA,"620 (427)",1975,2,NA,"Italy","tuna trap",NA,41.24,9.16,41.23,9.16
"603.2",1000,"1000","650",1975,3,1,"Italy","tuna gillnets",NA,41.25,9.14,41.27,9.14
NA,NA,NA,NA,1975,6,15,"Italy",NA,NA,43.35,10.45,43.35,10.45
"462.3",NA,NA,"500",1975,9,NA,"Italy",NA,NA,43.3,10.33,43.3,10.33
NA,NA,NA,NA,1975,NA,NA,"Italy","gill net",NA,39.77,8.45,39.68,8.33
NA,NA,NA,NA,1975,NA,NA,"Italy","tuna trap",NA,37.97,12.27,37.96,12.38
NA,NA,NA,NA,1975,NA,NA,"Italy","tuna trap",NA,37.97,12.27,37.96,12.38
NA,NA,NA,NA,1975,NA,NA,"Italy","tuna trap",NA,37.97,12.27,37.96,12.38
"400",NA,NA,"400",1975,NA,NA,"Italy",NA,NA,37.07,15.3,37.07,15.3
"535",2000,"2000","between 450 and 600 cm",1975,6,NA,"Tunisia","tuna trap",NA,35.8,11.02,35.8,11.02
NA,NA,NA,NA,1975,NA,NA,"Tunisia",NA,NA,37.28,9.89,37.28,9.89
"523",NA,NA,"523",1975,NA,NA,"Tunisia",NA,NA,36.89,10.61,36.89,10.61
NA,NA,NA,NA,1975,NA,NA,"Tunisia",NA,NA,37.13,10.82,37.13,10.82
"488",1201,">1200","488",1976,2,NA,"Spain","enclosed tuna nets",NA,39.94,3.18,39.94,3.19
"608.8",2500,"2500","615, 610 (est picture), 642 (est Moillet and Caillet, 1996), 568 (est from TOT)",1976,2,5,"Spain","tuna trap",NA,39.7,3.02,39.86,3.31
NA,NA,NA,NA,1976,5,21,"Italy",NA,NA,42.09,11.78,42.09,11.78
"468",1100,"ca. 1100","470 or 400 or ca. 500",1976,8,14,"Italy","tuna trap",NA,40.04,8.38,40.04,8.38
"599",NA,NA,"<600",1976,9,8,"France","trammel net",NA,41.91,8.77,41.91,8.77
"400",NA,NA,"± 400",1976,NA,NA,"Italy","tuna trap",NA,39.14,8.28,39.18,8.32
NA,NA,NA,NA,1976,NA,NA,"Italy",NA,NA,35.49,12.6,35.49,12.6
"450",NA,NA,"450",1976,NA,NA,"France",NA,NA,43.39,3.7,43.39,3.7
NA,NA,NA,NA,1976,NA,NA,"Italy",NA,NA,41.25,9.2,41.25,9.2
"400",NA,NA,"400",1976,3,21,"Tunisia",NA,NA,33.49,11.13,33.49,11.13
NA,NA,NA,NA,1976,NA,NA,"Tunisia",NA,NA,37.13,10.82,37.13,10.82
NA,NA,NA,NA,1976,NA,NA,"Tunisia",NA,NA,34.2,10.79,34.2,10.79
NA,NA,NA,NA,1976,NA,NA,"Tunisia",NA,NA,36.83,11.1,36.83,11.1
NA,NA,NA,NA,1976,NA,NA,"Tunisia",NA,NA,37.52,8.94,37.52,8.94
"398",NA,NA,"± 400 (396)",1977,2,NA,"Italy","tuna trap",NA,41.24,9.16,41.23,9.16
"580",NA,NA,"580",1977,6,NA,"Italy","tuna trap",NA,41.24,9.16,41.23,9.16
"220",NA,NA,"220",1977,8,NA,"Italy",NA,NA,37.64,12.59,37.64,12.59
"135",NA,NA,"135",1977,8,NA,"Italy","bottom trawl",NA,37.64,12.59,37.64,12.59
"700",NA,NA,"700",1977,10,26,"Italy",NA,NA,43.55,10.22,43.55,10.22
NA,NA,NA,NA,1977,NA,NA,"Italy",NA,NA,35.5,12.57,35.5,12.57
"192",NA,NA,"± 200 (183)",1978,4,NA,"Italy","tuna trap",NA,41.24,9.16,41.23,9.16
"200",NA,NA,"200",1978,4,NA,"Italy","tuna trap",NA,41.2,9.22,41.23,9.16
NA,NA,NA,NA,1978,6,NA,"Italy",NA,NA,45.6,12.89,45.6,12.89
"490",NA,NA,"480-500",1978,6,7,"Italy",NA,NA,45.39,13.03,45.39,13.03
"500",NA,NA,"500",1978,6,NA,"Italy",NA,NA,45.39,12.36,45.39,12.36
"202",NA,NA,"202",1978,8,NA,"Italy",NA,NA,36.76,11.97,36.76,11.97
"220",NA,NA,"220",1978,8,NA,"Italy","net",NA,37.64,12.59,37.64,12.59
"500",NA,NA,"Ca. 500",1978,9,16,"Italy",NA,NA,41.44,12.63,41.42,12.59
"500",800,"800","Ca. 500",1978,NA,NA,"Italy","drift net",NA,39.31,16.02,39.31,16.02
"697.2",1450,"1450","750",1978,NA,NA,"Italy","tuna gillnets",NA,41.25,9.14,41.25,9.14
NA,1600,"Ca. 1600",NA,1978,NA,NA,"Italy","tuna trap",NA,37.94,12.28,37.94,12.34
"250",NA,NA,"250",1979,1,5,"Croatia",NA,NA,43.1,17.34,43.1,17.34
"400",NA,NA,"400",1979,5,NA,"Malta",NA,NA,35.79,14.41,35.79,14.41
"200",NA,NA,"200",1979,6,NA,"Italy",NA,NA,35.56,12.32,35.56,12.32
"585",NA,NA,"620 or 550",1979,9,18,"Italy","trammel net",NA,40.06,17.99,40.02,17.91
"220",NA,NA,"220",1979,5,NA,"Tunisia",NA,NA,37.09,11.03,37.09,11.03
"510",NA,NA,"500 or 520",1979,6,NA,"Tunisia",NA,NA,37.1,11.03,37.1,11.03
NA,NA,NA,NA,1980,1,1,"Greece",NA,NA,37.35,26.62,37.35,26.62
"555",NA,NA,"555",1980,3,NA,"Morocco",NA,NA,35.62,-5.24,35.62,-5.24
"487",NA,NA,"400 or 520 or 540",1980,4,25,"Italy","tuna trap",NA,37.94,12.28,37.94,12.34
"577",1600,"1600","520 or 560 or 650",1980,4,24,"Italy","tuna trap",NA,37.94,12.28,37.94,12.34
NA,NA,NA,NA,1980,NA,NA,"Italy",NA,NA,37.5,13.07,37.5,13.07
"185",NA,NA,"185",1980,4,21,"Tunisia",NA,NA,33.5,11.13,33.5,11.13
"600",1030,"1030","ca. 600",1981,5,NA,"Italy","tuna trap",NA,38.06,12.59,38.07,12.59
"620",2200,"2200","620",1981,7,1,"Greece","net",NA,40.06,23.72,40.06,23.72
"202",NA,NA,"202",1981,8,NA,"Italy",NA,NA,36.73,11.99,36.73,11.99
"600",NA,NA,"600",1981,8,NA,"Italy",NA,NA,43.93,12.9,43.93,12.9
NA,NA,NA,NA,1981,NA,NA,"Italy","tuna trap",NA,37.93,12.33,37.94,12.34
"185",NA,NA,"185",1981,8,NA,"Tunisia",NA,NA,37.09,11.03,37.09,11.03
"650",1300,"1300","Ca. 600-700",1982,5,NA,"Italy","tuna trap",NA,38.07,12.82,38.07,12.82
"600",NA,NA,"600",1982,NA,NA,"Italy",NA,NA,42.76,10.31,42.76,10.31
NA,NA,NA,NA,1982,NA,NA,"Italy",NA,NA,42.8,10.26,42.8,10.26
"500",NA,NA,"Ca. 500",1982,NA,NA,"Malta",NA,NA,36.01,14.23,36.01,14.23
"300",NA,NA,"Ca. 300",1983,6,15,"Italy",NA,NA,44.1,9.74,44.09,9.71
"500",NA,NA,"500",1983,8,18,"Malta",NA,NA,35.81,14.56,35.81,14.56
"300",NA,NA,"300",1983,8,13,"Italy","tuna trap",NA,37.93,12.17,37.93,12.17
"142",NA,NA,"142",1983,8,10,"Italy",NA,NA,37.64,12.58,37.64,12.58
"155",NA,NA,"155",1983,8,11,"Italy","net",NA,37.64,12.58,37.64,12.58
"175",NA,NA,"175",1983,6,NA,"Tunisia",NA,NA,37.09,11.03,37.09,11.03
"350",NA,NA,"350",1984,7,NA,"Italy","longline",NA,43,10.51,43,10.51
"300",NA,NA,"Ca. 300",1984,7,NA,"Italy","longline",NA,43,10.51,43,10.51
"500",825,"800 or 850","500",1984,9,NA,"France","commercial net",NA,41.46,8.91,41.46,8.91
"527",1500,"ca. 1500","ca. 527",1984,9,14,"France","trammel net",NA,41.46,8.91,41.45,8.92
NA,NA,NA,NA,1984,12,NA,"Italy",NA,NA,42.81,10.2,42.81,10.2
"700",NA,NA,"700",1984,12,NA,"Greece",NA,NA,38.38,22.65,38.33,22.6
NA,NA,NA,NA,1984,NA,NA,"Italy",NA,NA,42.81,10.2,42.81,10.2
"500",NA,NA,"Ca. 500",1984,NA,NA,"Italy","tuna trap",NA,38.07,12.82,38.07,12.82
NA,NA,NA,NA,1984,NA,NA,NA,"longline",NA,34.57,18.03,34.57,18.03
NA,NA,NA,NA,1984,NA,NA,"Spain","gillnets (Swordfish)",NA,37.61,0.74,37.61,0.74
"500",NA,NA,"ca. 500",1985,5,NA,"Turkey",NA,NA,40.53,27.85,40.53,27.85
"220",NA,NA,"220",1985,6,25,"Italy",NA,NA,37.64,12.59,37.64,12.59
"140",NA,NA,"ca. 140",1985,9,NA,"Italy","net",NA,37.64,12.58,37.64,12.58
"190",NA,NA,"190",1985,4,NA,"Tunisia",NA,NA,37.09,11.03,37.09,11.03
"609.5",NA,NA,"601-618",1985,NA,NA,"Greece",NA,NA,39.96,23.68,39.96,23.68
"500",NA,NA,"Ca. 500",1986,3,NA,"Italy","tuna trap",NA,36.83,11.92,36.83,11.92
"200",170,"170","200",1986,3,NA,"Italy","net",NA,37.64,12.58,37.64,12.58
"350",NA,NA,"Ca. 350 (est)",1986,3,18,"Spain",NA,NA,36.01,-5.61,35.92,-5.47
"335.5",NA,NA,"Ca. 305-366",1986,7,NA,"Italy",NA,NA,36.79,14.49,36.78,14.55
"600",NA,NA,"Ca. 600",1986,9,NA,"Italy",NA,NA,44.2,12.4,44.17,12.89
"550",NA,NA,"Ca. 500-600",1986,12,4,"France",NA,NA,43.28,5.29,43.28,5.29
"601.4",2870,"2730 or 2880 or 3000","530 or 668-681 or 714",1987,4,17,"Malta","longlines",NA,35.79,14.41,35.79,14.41
"600",NA,NA,"Ca. 600",1987,4,NA,"Malta",NA,NA,35.83,14.39,35.83,14.39
"535",2000,"2000","535",1987,5,8,"Italy","tuna trap",NA,37.94,12.28,37.94,12.33
"450",NA,NA,"450",1987,5,8,"Italy","tuna trap",NA,37.94,12.28,37.94,12.33
NA,NA,NA,NA,1987,6,NA,"Italy",NA,NA,38.25,15.71,38.25,15.71
NA,NA,NA,NA,1987,7,31,"Italy",NA,NA,38.26,15.61,38.26,15.61
NA,NA,NA,NA,1987,8,NA,"Croatia",NA,NA,43.72,15.85,43.72,15.85
"601",NA,NA,">600",1987,9,NA,"Italy",NA,NA,43.93,12.91,43.93,12.91
NA,NA,NA,NA,1987,12,3,"Italy",NA,NA,42.81,10.2,42.81,10.2
"450",NA,NA,"Ca. 450",1988,5,NA,"Italy",NA,NA,43.51,13.63,43.62,13.76
NA,NA,NA,NA,1988,5,4,"Italy",NA,NA,37.38,13.31,37.38,13.31
NA,NA,NA,NA,1988,8,15,"Italy",NA,NA,42.79,10.24,42.79,10.24
"500",NA,NA,"Ca. 500",1988,8,17,"Italy",NA,NA,39.99,15.7,39.99,15.7
"551",NA,NA,">550",1988,9,9,"Italy",NA,NA,44.84,12.47,44.79,12.84
"220",165,"165","220",1988,7,NA,"Tunisia",NA,NA,34.19,10.74,34.19,10.74
NA,NA,NA,NA,1988,7,NA,"Tunisia",NA,NA,34.19,10.74,34.19,10.74
NA,NA,NA,NA,1989,1,13,"Italy",NA,NA,43,10.5,43,10.49
"601",NA,NA,">600",1989,2,2,"Italy",NA,NA,43.02,10.51,43.02,10.51
NA,NA,NA,NA,1989,4,10,"Italy",NA,NA,42.89,10.48,42.89,10.48
NA,NA,NA,NA,1989,4,NA,"Italy",NA,NA,43,10.51,43,10.51
NA,NA,NA,NA,1989,5,18,"Italy",NA,NA,42.89,10.48,42.89,10.48
"300",NA,NA,"300",1989,6,NA,"Italy",NA,NA,44.05,10.01,44.04,9.99
"550",NA,NA,"550",1989,6,NA,"Italy","gillnets (Swordfish)",NA,37.92,16.07,37.92,16.07
"501",NA,NA,">500",1989,6,23,"Italy",NA,NA,38.26,15.61,38.26,15.61
"300",NA,NA,"Ca. 300",1989,8,13,"Italy",NA,NA,37.91,12.29,37.91,12.29
"300",NA,NA,"Ca. 300",1989,8,13,"Italy",NA,NA,37.91,12.29,37.91,12.29
"300",NA,NA,"Ca. 300",1989,8,13,"Italy",NA,NA,37.91,12.29,37.91,12.29
"450",NA,NA,"Ca. 400-500",1989,9,19,"Italy",NA,NA,43.68,10.27,43.7,10.27
"501",NA,NA,"500+",1989,9,NA,"Italy",NA,NA,43.93,12.9,43.93,12.9
NA,NA,NA,NA,1989,10,7,"France",NA,NA,41.86,9.4,41.86,9.41
"251",200,"200","275",1989,11,1,"Italy","tuna gillnets",NA,41.24,9.14,41.24,9.14
"357",NA,NA,"± 400 (313)",1989,NA,NA,"Italy","tuna trap",NA,41.24,9.16,41.23,9.16
NA,NA,NA,NA,1989,NA,NA,"Italy",NA,NA,37.92,12.18,37.92,12.18
"620",2032,"2032","670 or 570",1989,4,1,"Tunisia",NA,NA,37.17,10.19,37.17,10.19
"401",NA,NA,">400",1989,NA,NA,"France",NA,NA,43.29,5.34,43.29,5.34
NA,NA,NA,NA,1990,5,15,"Italy",NA,NA,42.81,10.2,42.81,10.2
"1001",NA,NA,">1000",1990,5,25,"Italy",NA,NA,38.26,15.75,38.26,15.75
"520",NA,NA,"Ca. 520",1990,8,25,"Italy","tuna net",NA,37.56,12.66,37.56,12.66
NA,NA,NA,NA,1990,NA,NA,"France",NA,NA,43.21,3.24,43.21,3.24
"401",NA,NA,">400",1990,NA,NA,"Italy",NA,NA,43.53,10.28,43.53,10.28
"400",NA,NA,"ca. 400",1990,NA,NA,"Italy",NA,NA,38.12,13.39,38.12,13.39
NA,NA,NA,NA,1990,NA,NA,"Italy",NA,NA,43,10.51,43,10.51
NA,NA,NA,NA,1990,NA,NA,"Italy",NA,NA,43.53,10.28,43.53,10.28
NA,NA,NA,NA,1990,NA,NA,"France",NA,NA,43.39,3.7,43.39,3.7
NA,NA,NA,NA,1991,1,NA,"France",NA,NA,43.44,7.19,43.44,7.19
"506.5",2000,"Ca. 2000","450, 591 or 600",1991,1,NA,"France","bottom trawl",NA,43.38,3.7,43.29,3.8
"600",NA,NA,"Ca. 600",1991,2,10,"Greece","longline",NA,39.63,19.93,39.63,19.93
"525",3250,"3000 or 3500","ca. 500 or 550",1991,3,18,"Turkey","purse seine",NA,38.67,26.74,38.67,26.74
"400",NA,NA,"400",1991,6,NA,"Italy","tuna trap",NA,37.66,12.59,37.66,12.54
"400",NA,NA,"ca. 400",1991,7,30,"Italy",NA,NA,44.33,9.22,44.33,9.22
"495",NA,NA,"490-500",1991,7,20,"Italy",NA,NA,37.16,12.09,37.16,12.09
NA,NA,NA,NA,1991,8,24,"Italy",NA,NA,41.25,9.19,41.25,9.19
"601",NA,NA,">600",1991,8,NA,"Italy",NA,NA,43.96,12.74,43.95,12.83
"210",180,"180","210",1991,12,17,"Italy","net",NA,43.57,14.6,43.57,14.6
NA,NA,NA,NA,1991,NA,NA,"Italy","net",NA,43.84,14.87,43.84,14.87
NA,NA,NA,NA,1991,NA,NA,"Italy","net",NA,43.86,14.87,43.86,14.87
"230",190,"180 or 200","230",1992,3,18,"Italy","net",NA,42,15.01,42,15.01
"299",NA,NA,">300",1992,3,18,"Italy","net",NA,42,15.01,42,15.01
"299",NA,NA,">300",1992,3,18,"Italy","net",NA,42,15.01,42,15.01
"299",NA,NA,">300",1992,3,18,"Italy","net",NA,42,15.01,42,15.01
"500",NA,NA,"500",1992,7,NA,"Spain",NA,NA,39.54,2.38,39.54,2.38
"500",NA,NA,"500",1992,7,NA,"Spain",NA,NA,39.54,2.38,39.54,2.38
"475",1000,"1000","475",1992,11,17,"Spain",NA,NA,41.72,2.94,41.67,2.8
"515",NA,NA,"500 or 530",1992,NA,NA,"Italy",NA,NA,36.78,11.94,36.78,11.94
"501",NA,NA,"500+",1992,9,NA,"Tunisia",NA,NA,37.03,10.9,37.03,10.9
"435",NA,NA,"435",1992,12,14,"Tunisia","purse seine",NA,34.2,10.74,34.13,11.66
NA,NA,NA,NA,1993,8,NA,"Croatia",NA,NA,44.86,14.47,44.86,14.47
NA,NA,NA,NA,1993,8,NA,"Croatia",NA,NA,44.67,14.32,44.67,14.32
"140",NA,NA,"140",1993,5,NA,"Italy","tuna trap",NA,37.94,12.28,37.94,12.34
NA,NA,NA,NA,1993,5,NA,"Italy",NA,NA,37.91,12.33,37.91,12.33
"299",NA,NA,"294-304",1993,6,NA,"Italy","tuna trap",NA,39.21,8.38,39.18,8.37
"501",NA,NA,">500",1993,8,18,"Malta",NA,NA,35.91,14.52,35.91,14.52
"520",NA,NA,"520",1993,8,25,"Italy","tuna trap",NA,37.57,12.68,37.57,12.65
"500",NA,NA,"500",1993,8,NA,"Croatia","net",NA,43.72,15.85,43.72,15.85
"135",NA,NA,"135",1993,11,NA,"Italy",NA,NA,37.64,12.58,37.64,12.58
NA,NA,NA,NA,1993,NA,NA,"France",NA,NA,41.44,7.93,43.16,8.07
NA,NA,NA,NA,1993,NA,NA,"Italy",NA,NA,35.58,12.24,35.58,12.24
NA,NA,NA,NA,1993,NA,NA,"Italy","net",NA,36.68,15.14,43.72,15.85
"450",NA,NA,"Ca. 450",1993,NA,NA,"Italy",NA,NA,42.18,15.63,42.18,15.63
"501",NA,NA,"500+",1993,NA,NA,"Cyprus",NA,NA,34.75,32.41,34.75,32.4
"425",NA,NA,"425",1993,2,18,"Tunisia","purse seine",NA,34.2,10.76,34.2,10.76
"600",NA,NA,"Ca. 600",1993,8,NA,"Tunisia",NA,NA,37.78,10.82,37.78,10.82
NA,NA,NA,NA,1994,8,NA,"Italy",NA,NA,35.58,12.24,35.58,12.24
NA,NA,NA,NA,1994,8,NA,"Italy",NA,NA,35.58,12.24,35.58,12.24
NA,NA,NA,NA,1994,8,NA,"Italy",NA,NA,35.58,12.24,35.58,12.24
NA,NA,NA,NA,1994,8,NA,"Italy",NA,NA,35.58,12.24,35.58,12.24
NA,NA,NA,NA,1994,8,NA,"Italy",NA,NA,35.58,12.24,35.58,12.24
NA,NA,NA,NA,1994,NA,NA,"Croatia",NA,NA,43.24,16.71,43.24,16.71
"600",NA,NA,"ca. 600",1995,2,NA,"France",NA,NA,41.96,8.59,41.96,8.59
NA,NA,NA,NA,1995,6,25,"Italy",NA,NA,42.93,10.74,42.93,10.74
"500",NA,NA,"ca. 500",1995,6,NA,"Italy",NA,NA,38.82,15.25,38.82,15.25
NA,NA,NA,NA,1995,NA,NA,"Italy",NA,NA,43.53,10.28,43.53,10.28
"550",NA,NA,"550",1996,3,NA,"Turkey","purse seine",NA,39.85,26.01,39.85,26.01
"450",NA,NA,"400-500",1996,9,15,"Italy",NA,NA,40.67,17.95,40.68,17.95
NA,NA,NA,NA,1996,NA,NA,"Italy",NA,NA,40.59,8.19,40.59,8.19
"350",NA,NA,"± 350",1996,NA,NA,"Italy",NA,NA,41.24,9.14,41.24,9.14
NA,NA,NA,NA,1997,6,NA,"Italy",NA,NA,39.29,8.43,39.29,8.43
"400",NA,NA,"400",1997,6,11,"Italy",NA,NA,38.54,14.84,38.54,14.84
NA,NA,NA,NA,1997,7,5,"Spain",NA,NA,38.86,2.27,39.43,2.18
NA,NA,NA,NA,1997,9,30,"Italy",NA,NA,39.02,8.47,39.02,8.47
"300",NA,NA,"Ca. 300",1997,NA,NA,"Italy",NA,NA,37.57,12.66,37.57,12.75
"200",NA,NA,"Ca. 200",1997,NA,NA,"Italy","net",NA,36.27,12.66,36.27,12.66
"425",NA,NA,"425",1997,2,9,"Tunisia","purse seine",NA,34.2,10.76,34.2,10.76
"179",NA,NA,"179",1997,2,26,"Tunisia","trawl",NA,34.2,10.76,34.2,10.76
"170",NA,NA,"170",1997,12,25,"Tunisia","trawl",NA,34.2,10.76,34.2,10.76
NA,NA,NA,NA,1998,3,21,"Spain",NA,NA,38.73,2.29,39.33,2.2
"450",NA,NA,"ca. 450",1998,4,NA,"Turkey",NA,NA,40.23,25.83,40.23,25.83
NA,NA,NA,NA,1998,6,13,"Spain",NA,NA,38.66,2.29,39.39,2.14
NA,NA,NA,NA,1998,6,29,"Malta",NA,NA,35.95,14.46,35.95,14.46
"150",NA,NA,"150",1998,8,14,"Italy",NA,NA,35.49,12.64,35.49,12.64
NA,NA,NA,NA,1998,8,2,"Croatia",NA,NA,42.73,17.5,42.73,17.5
"550",1200,"Ca. 1200","Ca. 500-600",1998,8,27,"Italy",NA,NA,43.72,13.23,43.72,13.23
NA,NA,NA,NA,1998,9,8,"Spain",NA,NA,38.74,2.28,39.38,2.19
"600",NA,NA,"Ca. 600",1998,9,8,"Italy",NA,NA,38.62,15.83,38.62,15.83
NA,NA,NA,NA,1998,9,4,"Croatia",NA,NA,42.64,18.1,42.64,18.1
"700",NA,NA,"Ca. 700",1998,12,27,"Italy",NA,NA,43.02,10.51,43.02,10.51
NA,NA,NA,NA,1998,NA,NA,"Spain","longline",NA,35.96,-3.25,35.96,-3.25
"150",NA,NA,"150",1998,NA,NA,"Algeria",NA,NA,36.82,3.3,36.82,3.3
"250",225,"Ca. 225","Ca. 250",1998,5,26,"Tunisia","tuna trap",NA,37.02,10.91,37.05,10.9
NA,NA,NA,NA,1998,NA,NA,"France",NA,NA,43.54,7.12,43.55,7.11
"500",NA,NA,"ca. 500",1999,5,NA,"Turkey",NA,NA,40.32,26.22,40.33,26.22
"450",NA,NA,"Ca. 400-500",1999,8,NA,"Greece",NA,NA,39.84,19.41,39.84,19.41
"400",NA,NA,"Ca. 400",1999,9,NA,"Italy",NA,NA,40.57,8.31,40.57,8.31
"600",NA,NA,"Ca. 600",1999,9,26,"Italy",NA,NA,42.76,13.98,42.76,13.98
"600",NA,NA,"600",1999,9,24,"Italy",NA,NA,42.96,13.89,42.96,13.89
"650",NA,NA,"Ca. 600-700",1999,10,24,"Italy",NA,NA,44.32,9.14,44.32,9.14
"450",NA,NA,"Ca. 400-500",1999,10,19,"Italy",NA,NA,37.28,12.28,37.29,12.28
"700",NA,NA,"Ca. 700",1999,10,NA,"Italy",NA,NA,42.76,13.97,42.76,13.97
"500",NA,NA,"Ca. 500",1999,11,2,"Italy",NA,NA,37.24,15.23,37.25,15.25
"600",NA,NA,"± 600",1999,NA,NA,"Italy","tuna trap",NA,40.94,8.22,41.03,8.27
NA,NA,NA,NA,1999,NA,NA,"Italy",NA,NA,40.04,11.35,40.04,11.35
"429",NA,NA,"429",2000,NA,NA,NA,"longline",NA,33.82,27.7,33.82,27.7
"500",NA,NA,"Ca. 500",2000,4,29,"Italy",NA,NA,45.5,12.65,45.5,12.65
"429",500,"500","429",2000,4,NA,"Libya","drift longline",NA,32.69,24.83,32.69,24.83
"500",NA,NA,"Ca. 500",2000,5,NA,NA,NA,NA,34.52,18.05,34.52,18.05
NA,NA,NA,NA,2000,7,23,"Spain",NA,NA,38.61,2.29,39.35,2.15
"200",120,"120","200",2000,7,NA,"Italy","hook and line",NA,42.36,10.93,42.36,10.93
"200",120,"120","200",2000,7,NA,"Italy",NA,NA,42.36,10.93,42.36,10.93
NA,NA,NA,NA,2000,8,9,"Spain",NA,NA,38.69,2.28,39.34,2.14
"750",NA,NA,"700-800",2000,8,13,"Italy",NA,NA,42.4,11.21,42.4,11.21
"400",NA,NA,"Ca. 400 (est)",2000,10,NA,"Spain",NA,NA,39.16,2.93,39.16,2.93
"600",NA,NA,"600",2000,NA,NA,"Croatia",NA,NA,45.23,13.59,45.23,13.59
NA,NA,NA,NA,2000,NA,NA,"Italy",NA,NA,39.79,18.35,39.79,18.35
"675",NA,NA,"650-700",2001,2,11,"Italy",NA,NA,42.07,11.81,42.07,11.81
NA,NA,NA,NA,2001,3,3,"Spain",NA,NA,38.74,2.29,39.37,2.18
NA,NA,NA,NA,2001,4,19,"Spain",NA,NA,38.65,2.29,39.4,2.25
"550",NA,NA,"Ca. 500-600",2001,4,13,"Italy",NA,NA,40.69,17.87,40.7,17.87
"100",NA,NA,"Ca. 100",2001,5,14,"Italy",NA,NA,38.26,15.61,38.26,15.61
"575",NA,NA,"Ca. 550-600",2001,7,30,"Italy",NA,NA,43.64,13.39,43.64,13.39
"400",NA,NA,"Ca. 400",2001,8,29,"Italy",NA,NA,39.14,9.39,39.14,9.39
"655",NA,NA,"Ca. 630-680",2001,10,6,"France",NA,NA,43.24,5.31,43.24,5.32
"490",2200,"2200","490",2001,4,23,"Tunisia","tuna trap",NA,37.02,10.91,37.05,10.9
"520",2250,"2250","520",2001,4,27,"Tunisia","tuna trap",NA,37.02,10.91,37.05,10.9
"400",NA,NA,"Ca. 400 ca.",2002,6,20,"France",NA,NA,43.68,7.33,43.68,7.34
"400",NA,NA,"Ca. 400",2002,6,29,"Italy",NA,NA,38.26,15.61,38.26,15.61
"500",NA,NA,"Ca. 500",2002,6,12,"Libya","tuna tow cage",NA,33.83,13.83,33.83,13.83
"750",NA,NA,"Ca. 700-800",2002,9,9,"Italy",NA,NA,43.18,13.81,43.18,13.81
"450",NA,NA,"Ca. 400-500",2002,10,7,"Italy",NA,NA,43.31,10.33,43.31,10.33
"570",2500,"2500","570",2003,6,24,"Croatia","tuna purse seine",NA,43.08,15.46,43.08,15.46
"350",400,"400","350",2003,9,26,"Italy",NA,NA,37.99,15.41,37.99,15.41
NA,NA,NA,NA,2003,9,26,"Italy",NA,NA,37.99,15.41,37.99,15.41
NA,NA,NA,NA,2004,NA,NA,"Italy",NA,NA,44.97,12.56,44.97,12.56
"587",2000,"2000","587",2004,2,26,"Tunisia","purse seine",NA,34.4,10.9,34.4,10.9
"350",NA,NA,"350",2005,4,28,"Italy",NA,NA,41.22,9.54,41.22,9.54
NA,NA,NA,NA,2005,NA,NA,"Algeria",NA,NA,36.83,3.41,36.83,3.41
NA,NA,NA,NA,2005,NA,NA,"Greece","swordfish longline",NA,39.61,23.01,39.61,23.01
"401",NA,NA,">400",2006,5,5,"Italy",NA,NA,35.48,12.56,35.48,12.56
"600",NA,NA,"Ca. 500-700",2006,6,10,"Italy",NA,NA,43.44,9.9,43.44,9.9
"150",NA,NA,"150",2006,7,4,"Italy",NA,NA,35.52,12.51,35.45,12.41
NA,NA,NA,NA,2006,NA,NA,"Italy",NA,NA,39.28,16.02,39.28,16.02
NA,350,"Ca. 350",NA,2006,4,20,"Tunisia","net",NA,33.5,11.13,33.5,11.13
"300",NA,NA,"Ca. 300",2007,5,13,"Italy",NA,NA,39.15,8.31,39.18,8.32
"250",NA,NA,"250",2007,6,1,"Italy",NA,NA,38.78,16.14,38.78,16.14
"274.4",NA,NA,"300",2007,6,10,"Italy",NA,NA,39.17,8.24,39.17,8.24
"500",NA,NA,"ca.500 (est)",2007,9,22,"Italy",NA,NA,37.16,12.1,37.16,12.1
"475",NA,NA,"Ca. 450-500",2008,10,6,"Croatia",NA,NA,43.06,16.26,43.06,16.26
NA,NA,NA,NA,2008,NA,NA,"Algeria","trawl",NA,35.11,-1.88,35.11,-1.88
NA,NA,NA,NA,2008,7,3,"Italy",NA,NA,38.69,16.56,38.69,16.56
"125.5",30,"30","125.5",2008,7,1,"Turkey","gill net",NA,39.56,26.75,39.56,26.8
"145",NA,NA,"145",2008,7,4,"Turkey","gill net",NA,39.56,26.75,39.56,26.8
NA,NA,NA,NA,2008,7,10,"Italy",NA,NA,37.49,12.25,37.49,12.25
"450",NA,NA,"Ca. 400-500",2008,8,NA,"France",NA,NA,41.91,8.77,41.91,8.77
"420",1500,"Ca. 1500","420",2008,NA,NA,"Tunisia",NA,NA,35.23,11.17,35.23,11.17
"180",47,"47.5","180",2009,2,21,"Turkey","trawl",NA,40.17,25.99,40.17,25.99
"300",102,"102","300",2009,4,15,"Turkey","purse seine",NA,40.05,26.3,40.05,26.3
NA,NA,NA,NA,2009,4,30,"Italy",NA,NA,41.16,9.46,41.16,9.46
"450",NA,NA,"Ca. 400-500",2009,8,NA,"France",NA,NA,41.67,8.83,41.67,8.83
NA,NA,NA,NA,2009,8,16,"Italy",NA,NA,37.9,15.73,37.91,15.76
"400",NA,NA,"400",2009,10,1,"Italy",NA,NA,40.94,8.17,40.94,8.17
"601",NA,NA,">600",2009,12,NA,"France",NA,NA,42.04,9.01,42.61,7.31
"160",NA,NA,"160",2009,NA,NA,"Turkey",NA,NA,NA,NA,39.48,26.06
"200",NA,NA,"ca. 200",2009,NA,NA,"Turkey",NA,NA,NA,NA,39.49,26.75
NA,NA,NA,NA,2009,NA,NA,"Italy",NA,NA,40.57,8.31,40.57,8.31
"480",1426,"1426","480",2009,10,18,"Tunisia","tuna cage",NA,35.39,11.05,35.39,11.05
"398",NA,NA,NA,2009,10,20,"Tunisia","tuna cage",NA,35.41,11.08,35.41,11.08
"400",NA,NA,"350-450",2010,4,NA,"France",NA,NA,41.93,8.75,41.93,8.75
NA,NA,NA,NA,2010,6,14,"Turkey",NA,NA,NA,NA,39.5,26.69
"230",NA,"60","230",2010,6,21,"Turkey",NA,NA,NA,NA,39.8,26.01
"90",NA,NA,"ca. 80-100",2010,6,NA,"Turkey","gill net",NA,39.51,26.78,39.51,26.78
"90",NA,NA,"ca. 80-100",2010,6,NA,"Turkey","gill net",NA,39.51,26.78,39.51,26.78
"90",NA,NA,"ca. 80-100",2010,6,NA,"Turkey","gill net",NA,39.5,26.78,39.5,26.78
NA,NA,NA,NA,2010,8,29,"Italy",NA,NA,40.57,8.31,40.57,8.31
"160",NA,NA,"160",2010,8,NA,"Italy","trawl",NA,35.52,12.34,35.52,12.48
"700",2000,"<2000KG","700m",2010,7,7,"Tunisia","net of aquaculture",NA,35.41,11.08,35.41,11.08
"415",NA,NA,"Ca. 400-430",2011,6,21,"Italy",NA,NA,43.05,9.84,43.05,9.84
"85",12,"12","85",2011,7,6,"Turkey","trammel-net",NA,39.48,26.66,39.48,26.66
"217",NA,NA,"217",2011,8,5,"Montenegro","net",NA,42.1,19.08,42.1,19.08
"500",NA,NA,"ca. 500",2011,9,28,"Turkey",NA,NA,36.83,28.27,36.83,28.27
"400",NA,NA,"ca. 400",2011,10,10,"France",NA,NA,42.56,8.77,42.56,8.77
NA,NA,NA,"350",2011,10,25,"Italy",NA,NA,38.99,9.02,38.99,9.02
"350",NA,NA,"350",2011,7,NA,"Tunisia","purse seine",NA,35.39,11.05,35.39,11.05
NA,NA,NA,NA,2012,8,3,"France",NA,NA,43.28,6.64,43.27,6.63
"190",150,"ca. 100 (200)","180-200",2012,8,30,"France","trammel net",NA,42.49,8.59,42.49,8.59
NA,1900,"1900",NA,2012,12,3,"Tunisia","tuna net",NA,36.04,10.51,36.14,10.7
"200",50,"50","ca. 200",2013,5,7,"Turkey",NA,NA,NA,NA,40.13,26.38
NA,NA,NA,NA,2013,9,9,"Morocco",NA,NA,35.24,-2.83,35.24,-2.83
"220",180,"180","220",2013,5,13,"Tunisia","longline",NA,37.04,11.07,NA,NA
"400",1500,"1500","400",2013,10,19,"Tunisia","net",NA,35.39,11.05,35.39,11.05
"120",NA,NA,"120",2014,8,8,"Greece","gillnets",NA,36.83,25.37,36.83,25.37
"200",60,"60","200",2014,8,22,"Turkey",NA,NA,40.15,26.4,40.15,26.4
"150",40,"40","ca. 150",2014,8,21,"Turkey",NA,NA,NA,NA,38.43,27.01
"200",40,"40","200 ca.",2014,9,19,"Turkey","stationary net for lobster fishing",NA,38.75,26.84,38.76,26.85
"200",NA,NA,"200",2015,2,20,"Greece",NA,NA,40.08,25.22,40.08,25.22
"300",NA,NA,"300",2015,3,15,"Algeria",NA,NA,35.31,-1.55,35.31,-1.55
"325",NA,NA,"ca. 300-350",2015,6,12,"Italy",NA,NA,37.28,13.56,37.28,13.56
"266",290,"290","266",2015,11,NA,"Italy","bottom trawl",NA,36.32,11.92,36.32,11.92
"200",35,"35","200",2015,12,23,"Italy","bottom nets",NA,35.5,12.58,35.5,12.58
NA,NA,NA,NA,2015,1,6,"Tunisia",NA,NA,35.82,10.65,35.82,10.65
"180",NA,NA,"180",2015,4,12,"Tunisia","longline",NA,37.43,10.15,37.43,10.15
"500",NA,"2000","500",2015,6,19,"Tunisia",NA,NA,NA,NA,NA,NA
"175",NA,NA,"175",2016,1,2,"Turkey","stationary net",NA,39.53,26.74,39.51,26.7
"160",40,"40","160",2016,6,9,"Greece","net",NA,37.38,24.94,37.38,24.94
NA,NA,NA,NA,2016,7,26,"Greece",NA,NA,37.45,25.32,37.45,25.32
"150",NA,"78kg","150",2016,5,16,"Tunisia","gillnet (garasica)",NA,33.44,11.31,NA,NA
NA,NA,NA,NA,2016,8,12,"Tunisia",NA,NA,35.25,11.43,NA,NA
"160",NA,NA,"160",2017,1,4,"Turkey",NA,NA,NA,NA,39.51,26.9
"180",NA,NA,"180",2017,1,NA,"Turkey","stationary net",NA,40.24,25.93,40.24,25.93
"200",NA,NA,"ca. 200",2017,2,27,"Turkey",NA,NA,NA,NA,36.71,27.88
NA,NA,NA,NA,2017,3,21,"Morocco",NA,NA,35.21,-3.79,35.22,-3.78
"160",NA,NA,"160",2017,4,4,"Turkey","gill net",NA,39.56,26.75,39.56,26.75
NA,NA,NA,NA,2017,5,14,"Italy",NA,NA,39.51,15.93,39.51,15.93
"200",60,"60","200",2017,6,4,"Turkey","purse seine",NA,37.34,27.29,37.34,27.29
"600",NA,NA,"600",2017,7,29,"Libya",NA,NA,35.05,12.79,35.05,12.79
"400",NA,NA,"400",2017,10,26,"Italy",NA,NA,44.23,13.08,44.23,13.08
NA,NA,NA,NA,2017,11,22,"Greece",NA,NA,38.26,24.77,38.26,24.77
"180",NA,"40","ca. 180",2017,NA,NA,"Turkey","gillnet",NA,NA,NA,40.56,26.59
"180",35,"35","ca. 180",2017,NA,NA,"Turkey",NA,NA,NA,NA,39.54,26.76
"200",NA,NA,"200",2017,9,NA,"Tunisia",NA,NA,NA,NA,NA,NA
"180",NA,NA,"180",2018,4,14,"Turkey","stationary net",NA,38.65,26.51,38.65,26.51
"200",NA,NA,"200",2018,5,30,"Italy",NA,NA,38.26,15.71,38.26,15.71
"230",135,"135","230",2018,5,16,"Libya","gillnet",NA,31.4,15.74,31.55,16.02
"200",NA,NA,NA,2018,7,28,"Turkey",NA,NA,NA,NA,38.49,26.81
NA,NA,NA,NA,2018,7,13,"Algeria",NA,NA,35.36,-1.3,35.36,-1.3
"200",70,"70","200",2018,8,12,"Greece",NA,NA,40.74,25.41,40.74,25.41
NA,NA,NA,NA,2018,4,28,"Tunisia",NA,NA,35.78,10.84,35.78,10.84
NA,760,"760",NA,2018,5,24,"Tunisia",NA,NA,33.9,10.86,33.9,10.86
NA,NA,NA,NA,2018,6,8,"Tunisia",NA,NA,NA,NA,NA,NA
"180",NA,NA,"< 180",2018,9,NA,"Tunisia",NA,NA,NA,NA,NA,NA
"280",400,"400","280",2018,12,26,"Tunisia","bottom trawl",NA,37.43,10.05,37.43,10.05
NA,NA,NA,"ca. 400-500",2019,9,30,"Italy",NA,NA,37.97,12.18,37.97,12.18
"500",NA,NA,"> 500",2019,NA,NA,"Turkey",NA,NA,NA,NA,40.24,25.86
"210",NA,NA,"210",2019,3,NA,NA,"gillnet",NA,NA,NA,NA,NA
"200",250,"250","200",2019,4,11,"Tunisia","bottom trawl",NA,37.35,10.13,37.35,10.13
"200",320,"320","200",2019,7,25,"Tunisia","net",NA,34.02,10.52,NA,NA
"400",500,"500","400",2020,1,12,"Libya",NA,NA,30.41,19.57,30.41,19.57
"520",NA,NA,"520",2020,1,12,"Libya",NA,NA,30.35,19.44,30.35,19.44
"600",NA,NA,"600",2020,4,23,"Libya","blast fishing",NA,32.4,20.34,32.4,20.34
"500",NA,NA,"500",2020,5,23,"Italy",NA,NA,35.47,12.56,35.47,12.56
NA,NA,NA,"155",2020,6,8,"Turkey","gill net",NA,40,26.24,40,26.24
"120",NA,NA,NA,2020,6,12,"Greece",NA,NA,37.17,25.38,37.17,25.38
"140",NA,NA,"140",2020,9,21,"Libya","gill net",NA,32.9,13.18,32.93,13.22
NA,NA,NA,NA,2020,9,21,"Spain",NA,NA,35.31,-2.93,35.31,-2.93
"600",NA,NA,"600",2020,11,4,"Libya",NA,NA,32.96,13.17,32.96,13.17
"200",NA,NA,"200",2020,6,14,"Turkey",NA,NA,40.5,26.33,40.5,26.33
"180",NA,NA,"180",2020,1,NA,"Tunisia","trammel net",NA,NA,NA,NA,NA
"232",90,"90","232",2020,4,28,"Tunisia","drift longline",NA,35.02,12.19,35.02,12.19
"170",78,"78KG","170",2020,7,NA,"Tunisia","trawl",NA,37.06,11.51,37.06,11.51
NA,NA,NA,NA,2020,4,NA,"Tunisia","longline",NA,33.97,10.84,33.97,10.84
"200",85,"85KG","200",2020,7,NA,"Tunisia","trawl",NA,37.06,11.51,37.06,11.51
NA,NA,NA,"ca 390",2020,8,23,"Tunisia",NA,NA,35.66,10.96,35.66,10.96
NA,NA,NA,NA,2020,8,20,"Tunisia",NA,NA,35.52,11.09,35.52,11.09
NA,NA,NA,NA,2020,10,27,"Tunisia",NA,NA,34.12,10.21,34.12,10.21
"610",1153,"1153","610",2020,11,7,"Tunisia",NA,NA,35.77,10.85,35.77,10.85
"400",NA,NA,"400",2020,11,7,"Tunisia",NA,NA,35.75,10.84,35.75,10.84
"150",NA,NA,NA,2020,11,19,"Tunisia",NA,NA,34.12,10.23,34.12,10.23
"160",75,"75",NA,2021,4,23,"Greece",NA,NA,37.1,25.37,37.1,25.37
"450",NA,NA,"ca. 400-500",2021,4,25,"Italy",NA,NA,38.16,15,38.16,14.99
"500",NA,NA,"500",2021,9,29,"Spain",NA,NA,43.34,-8.52,NA,NA
"400",NA,NA,"400",2021,10,18,"Spain",NA,NA,43.61,-5.02,NA,NA
"137",NA,NA,"137",2021,6,NA,"Tunisia","pelagic longline",NA,NA,NA,NA,NA
NA,NA,NA,NA,2021,6,NA,"Tunisia","bottom longline",NA,NA,NA,NA,NA
"170",NA,NA,"ca. 170cm",2021,11,4,"Tunisia",NA,NA,35.66,10.96,35.66,10.96
"160",NA,NA,"160",2021,12,16,"Tunisia","Gillnet",NA,NA,NA,NA,NA
"175",NA,NA,"175",2022,11,NA,"Tunisia","purse seine",NA,NA,NA,NA,NA
NA,NA,NA,NA,2022,10,29,"Tunisia",NA,NA,NA,NA,NA,NA
NA,NA,NA,"to be estimated from the picture ",2022,1,28,"Tunisia","sardine purse seine",NA,NA,NA,NA,NA
"450.5",1000,"ca 1000","> 400; ca.500",2022,2,4,"Tunisia",NA,NA,33.91,11.04,33.91,11.04
NA,186,"186",NA,2022,4,23,"Tunisia",NA,NA,35.66,10.96,35.66,10.96
"600",NA,NA,"ca. 600",2022,5,9,"Tunisia",NA,NA,35.66,10.96,35.66,10.96
"300",NA,"720","300",2022,8,28,"Tunisia","bottom trawl",NA,NA,NA,NA,NA
NA,NA,NA,"to be estimated from picture",2022,8,31,"Tunisia",NA,NA,NA,NA,NA,NA
"170",NA,NA,"170",2022,11,NA,"Tunisia","purse seine",NA,NA,NA,NA,NA
"180",NA,NA,"180",2022,11,NA,"Tunisia",NA,NA,NA,NA,NA,NA
"180",NA,NA,"180",2022,11,NA,"Tunisia",NA,NA,NA,NA,NA,NA
"200",NA,NA,"200",2022,12,27,"Tunisia","surface nets",NA,NA,NA,NA,NA
"400",920,"920","ca 400",2023,1,3,"Tunisia","sardine purse seine",NA,NA,NA,NA,NA
"156",NA,NA,"156",2023,2,18,"Tunisia","pelagic longline",NA,NA,NA,NA,NA
"180",87,"87","180",2023,3,13,"Tunisia","bottom trawl",NA,35.83,11.25,NA,NA
"600",NA,NA,"cA.600",2023,3,19,"Libya","purse seine",NA,NA,NA,NA,NA
"212",NA,"420","212",2023,3,25,"Tunisia","bottom trawl",NA,35.49,11.28,NA,NA
"600",NA,"80","254",2023,4,13,"Tunisia","purse seine",NA,NA,NA,NA,NA
"200",180,"180","200",2014,1,2,"Tunisia","Purse seine",NA,NA,NA,NA,NA
"340",NA,"500","340",2015,11,18,"Tunisia","Purse seine",NA,NA,NA,NA,NA
"400",2200,"Ca. 2200","400",2015,10,28,"Tunisia","Pelagic longline",NA,35.83,10.66,36.01,10.82
NA,NA,NA,NA,NA,NA,NA,NA,NA,NA,NA,NA,NA,NA
"350",400,"Ca400","350",2016,1,18,"Tunisia","Bottom trawl",NA,33.5,11.84,33.5,11.84
"110",NA,NA,"110",2016,5,30,"Tunisia","Gillnet",NA,37.2,9.12,37.2,9.12
"410",NA,"800kg","410",2016,10,3,"Tunisia","Purse seine",NA,35.66,10.96,35.66,10.96
"230",NA,"390","230",2017,2,24,"Tunisia","Gillnet",NA,34.73,10.8,34.73,10.8
"380",760,"760","380",2018,5,24,"Tunisia","Purse seine",NA,33.52,11.51,33.52,11.51
"300",360,"360","300",2019,4,21,"Tunisia","Gillnet",NA,33.89,10.74,33.89,10.74
NA,NA,NA,NA,2019,6,8,"Tunisia",NA,NA,NA,NA,NA,NA
"180",NA,NA,"180",2020,1,9,"Tunisia","Trammel net",NA,NA,NA,NA,NA
NA,NA,NA,NA,2020,3,1,"Tunisia","Bottom longline",NA,33.97,10.84,33.97,10.84
"700",NA,"Ca1000kg","Ca700",2020,5,8,"Tunisia","Purse seine",NA,33.69,11.05,33.69,11.05
"170",78,"78KG","170",2020,7,1,"Tunisia","Bottom trawl",NA,37.06,11.51,37.06,11.51
"610",1153,"1153","610",2020,11,7,"Tunisia","Purse seine",NA,35.75,10.84,35.77,10.85
NA,NA,NA,NA,2021,6,NA,"Tunisia","Bottom longline",NA,NA,NA,NA,NA
NA,186,"186","juvenile - to be estimated from pictures",2022,4,18,"Tunisia",NA,NA,35.66,10.96,35.66,10.96
"370",NA,NA,"ca. 400",2022,5,9,"Tunisia",NA,NA,35.66,10.96,35.66,10.96
"400",NA,NA,"373",2022,12,21,"Tunisia","Purse seine",NA,35.23,11.16,35.24,11.16
"400",920,"920","ca 400",2023,1,3,"Tunisia","Purse seine",NA,35.66,10.96,NA,NA
"276",NA,NA,"276",2023,4,11,"Tunisia","Purse seine",NA,35.84,10.98,35.84,10.98
"198",NA,"82","198",2023,5,6,"Tunisia","Gillnet",NA,35.85,10.98,NA,NA
NA,NA,NA,"juvenile",2023,5,14,"Tunisia","Purse seine",NA,NA,NA,NA,NA
"143",NA,NA,"143",2023,6,22,"Tunisia","Gillnet",NA,NA,NA,NA,NA
"184",NA,"85","184",2023,7,8,"Tunisia","Bottom longline",NA,34.48,11.45,35.49,11.45
"220",NA,"200","220",2023,10,6,"Tunisia","Trammel net",NA,35.38,11.05,NA,NA
"186",NA,"97","186",2023,10,12,"Tunisia","Bottom trawl",NA,NA,NA,NA,NA
NA,NA,NA,NA,2023,10,13,"Tunisia","Bottom trawl",NA,NA,NA,NA,NA
"180",NA,NA,"180",2023,12,3,"Libya ","Bottom trawl",NA,32.93,12.12,NA,NA
"220",NA,"600","220",2023,12,26,"Tunisia","Trammel net",NA,34.83,11.26,NA,NA
"153",87,"87","153",2024,1,12,"Tunisia","Bottom trawl",NA,35.64,12.16,NA,NA
"130",45,"Ca 45","130",2024,1,15,"Tunisia ","Trammel net",NA,35.85,10.98,NA,NA
"150",78,"78","150",2024,1,25,"Tunisia ","Pelagic longline",NA,36.03,10.58,NA,NA
"135",58,"ca 58","135",2024,1,24,"Tunisia ","Bottom trawl",NA,36.47,10.93,NA,NA
NA,NA,NA,NA,2024,2,2,"Tunisia ","Bottom trawl",NA,35.35,11.43,NA,NA
"250",NA,NA,"250",2024,2,2,"Tunisia ","Bottom trawl",NA,34.48,11.45,NA,NA
"186",85,"85","165.3",2024,2,10,"Tunisia ","Bottom trawl",NA,34.35,10.88,NA,NA
"140",NA,"ca 69","165",2024,3,4,"Tunisia ","Bottom trawl",NA,36.26,11.4,NA,NA
"320",700,"700","320",2024,4,26,"Tunisia","Gillnet",NA,35.19,11.97,NA,NA
"178",NA,"98","178",2024,4,28,"Tunisia","Bottom trawl",NA,36.36,10.82,NA,NA
"170",90,"90","170",2024,4,30,"Tunisia ","Gillnet",NA,33.8,10.47,NA,NA
"191",194,"194","191",2024,5,3,"Tunisia ","Bottom trawl",NA,35.76,11.76,NA,NA
"131",65,"65","131",2024,5,12,"Tunisia","Bottom trawl",NA,35.92,11.01,NA,NA
"140",NA,NA,"140",2024,5,25,"Tunisia","Gillnet",NA,35.28,11.18,NA,NA
"142",NA,NA,"150",2024,5,26,"Tunisia","Bottom trawl",NA,36.15,11.74,NA,NA
"134",78,"78","134",2024,5,27,"Tunisia","Purse seine",NA,34.31,11.44,NA,NA
"140",NA,NA,"140",2024,5,28,"Tunisia",NA,NA,NA,NA,NA,NA
"172",NA,"54","172",2024,6,1,"Tunisia","trammel net",NA,35.15,13.12,NA,NA
"135",NA,NA,"135",2024,7,16,"Tunisia","Pelagic longline",NA,35.75,12,NA,NA
"127",NA,NA,"127",2024,7,16,"Tunisia","Pelagic longline",NA,35.75,12,NA,NA
"346",NA,NA,"346",2024,9,3,"Tunisia","purce seine",NA,NA,NA,NA,NA
"126",NA,NA,"126",2024,9,10,"Tunisia","Bottom trawl",NA,36.19,11.06,NA,NA
"140",NA,NA,"140",2024,9,20,"Tunisia",NA,NA,NA,NA,NA,NA
"120",NA,"67","120",2024,9,24,"Tunisia",NA,NA,NA,NA,NA,NA
"123",NA,"68","123",2024,9,24,"Tunisia",NA,NA,NA,NA,NA,NA
"144",NA,NA,"144",2024,9,25,"Tunisia",NA,NA,NA,NA,NA,NA
"200",NA,NA,"200",2024,10,2,"Tunisia","Purce seine",NA,NA,NA,NA,NA
"141",NA,NA,"141",2024,12,2,"Tunisia","Trawl",NA,NA,NA,NA,NA
"500",NA,"700","500",2025,1,4,"Tunisia ",NA,NA,34.45,10.53,NA,NA
NA,NA,NA,NA,2024,10,15,"Tunisia","Trawl","Teboulba",35.4,11.26,NA,NA
NA,NA,NA,NA,2024,10,15,"Tunisia","Trawl","Teboulba",35.4,11.26,NA,NA
NA,NA,NA,NA,2017,9,13,"Tunisia","Gillnet","Kelibia",NA,NA,NA,NA
NA,NA,NA,NA,2022,2,9,"Tunisia","Trawl","Teboulba",35.4,11.26,NA,NA
NA,NA,NA,NA,2023,3,3,"Tunisia","Trawl","Teboulba",35.4,11.26,NA,NA
"158",NA,NA,"158",2025,4,28,NA,NA,"Teboulba",NA,NA,NA,NA
NA,NA,"Ca1000kg","Ca700",2020,5,NA,"Tunisia","purse seine",NA,33.69,11.05,33.69,11.05
NA,NA,NA,NA,2025,NA,24,"Montenegro",NA,NA,NA,NA,NA,NA
NA,NA,NA,NA,2025,NA,12,"Malta",NA,NA,NA,NA,NA,NA
"310",NA,NA,"310",2025,1,12,"Tunisia","Trawl","Kelibia",36.35,11.23,NA,NA
"500",NA,"700","500",2025,1,4,"Tunisia",NA,"Mahres",34.45,10.53,NA,NA
"300",NA,NA,"300",2025,1,9,"Tunisia",NA,"Hammamet",36.24,11,NA,NA
"200",NA,"70","200",2025,1,11,"Tunisia","Bottom longline","Zarzis",33.68,11.14,NA,NA
"210",NA,NA,"210",2025,1,12,"Tunisia","Trawl","Kelibia",36.7,11.17,NA,NA
"250",NA,"114","250",2025,1,26,"Tunisia","Purse seine","Zarzis",34.2,10.74,NA,NA
"167",NA,NA,"167",2025,1,27,"Tunisia","Trawl","Monastir",36.52,11.87,NA,NA
"184",NA,"54.4","184",2025,2,13,"Tunisia","Gillnet","Kelibia",36.69,11.26,NA,NA
"145",NA,NA,"145",2025,2,15,"Tunisia","Trawl","Teboulba",35.8,12.6,NA,NA
"385",NA,NA,"385",2025,2,15,"Tunisia","Trammelnet","Zarzis",33.43,11.14,NA,NA
"172",NA,"52.7","172",2025,2,16,"Tunisia","Trawl","Sfax",34.53,11.92,NA,NA
"213",NA,"60","213",2025,2,21,"Tunisia","Trawl","Kelibia",36.25,11.08,NA,NA
"212",NA,"73","212",2025,3,15,"Tunisia","Trawl","Kelibia",37.54,10.98,NA,NA
"184",NA,NA,"184",2025,3,19,"Tunisia","Trawl","Sfax",34.12,11.2,NA,NA
"210",NA,NA,"210",2025,4,9,"Tunisia","trammel net","Kelibia",36.49,11.14,NA,NA
"270",NA,NA,"270",2025,4,19,"Tunisia","Purse seine","Gabes",34.2,11.57,NA,NA
"218",NA,NA,"218",2025,1,12,"Tunisia","Trawl","Sfax",34.18,12.08,NA,NA
"201",NA,NA,"201",2025,6,16,"Tunisia","Trawl","Teboulba",35.76,12.24,NA,NA
"155",NA,NA,"155",2025,7,19,"Tunisia","Trawl","Kelibia",NA,NA,NA,NA
"280",NA,NA,"280",2025,4,20,"Tunisia","Trawl","Sousse",36.07,10.59,NA,NA
"158",NA,NA,"158",2025,4,28,"Tunisia",NA,"Teboulba",NA,NA,NA,NA
"230",NA,NA,"230",2025,4,29,"Tunisia","Trawl","Sfax",34.15,11.89,NA,NA
"268",NA,NA,"268",2025,5,14,"Tunisia","Pelagic longline","Teboulba",NA,NA,NA,NA
"150",NA,NA,"150",2025,5,14,"Tunisia","Gillnet","Teboulba",35.19,12.29,NA,NA
NA,NA,NA,NA,2025,5,23,"Tunisia",NA,"Teboulba",NA,NA,NA,NA
"210",NA,NA,"210",2025,6,1,"Tunisia","Gillnet","Teboulba",NA,NA,NA,NA
"159",NA,NA,"159",2025,6,14,"Tunisia","Trawl","Teboulba",36.21,11.93,NA,NA
"201",NA,NA,"201",2025,6,16,"Tunisia","Trawl","Teboulba",35.76,12.24,NA,NA
"175",NA,NA,"175",2025,6,22,"Tunisia","Trawl","Kelibia",36.53,11.08,NA,NA
"160",NA,NA,"160",2025,6,22,"Tunisia","Trawl","Kelibia",36.53,11.08,NA,NA
"153",NA,NA,"153",2025,7,6,"Tunisia","Bottom trawl","Teboulba",35.59,11.6,NA,NA
"155",NA,NA,"155",2025,7,19,"Tunisia","Trawl","Kelibia",NA,NA,NA,NA
"195",NA,NA,"195",2025,7,24,"Tunisia","Bottom longline","Kelibia",NA,NA,NA,NA
"125",NA,NA,"125",2025,8,2,"Tunisia","Bottom longline","Kelibia",37.19,11.44,NA,NA
"150",NA,NA,"150",2025,8,12,"Tunisia","Bottom longline","Kelibia",35.89,11.71,NA,NA
"160",NA,NA,"160",2025,9,9,"Tunisia","Bottom longline","Kelibia",36.54,11.16,NA,NA
"190",NA,NA,"190",2025,9,9,"Tunisia","Purseine","Mahdia",NA,NA,NA,NA
NA,NA,NA,NA,2025,9,14,"Tunisia",NA,"Mahdia",NA,NA,NA,NA
NA,NA,NA,NA,2025,9,16,"Tunisia",NA,"Tunis",NA,NA,NA,NA
"298",NA,NA,"298",2025,9,24,"Tunisia","Gillnet","Zarzis",33.6,11.31,NA,NA
"310",NA,NA,"310",2025,10,2,"Tunisia","Bottom trawl","Sfax",NA,NA,NA,NA
